https://x.com/FaithRubPol/status/1822466185138737388,['False'],"[""TLDR - False\\n\\nVERDICT – false\\n\\nX - Claim about Kamala Harris owning Trump for using Celine Dion\\'s song without permission is false. No evidence supports this.\\n\\nSUMMARY - The claim that Kamala Harris confronted Donald Trump for using Celine Dion\\'s song from Titanic without permission appears to be unfounded. There is no credible evidence or reliable source that confirms such an event took place. Typically, issues related to unauthorized use of music in political campaigns are handled through legal channels or public statements by the artists or their representatives, not directly through political confrontations as described in the claim.""]",['abecc278-3fac-44bf-b89f-9d6464a6b9f9'],['False'],"[""The claim that Kamala Harris confronted Donald Trump for using Celine Dion\\'s song from Titanic without permission appears to be unfounded. There is no credible evidence or reliable source that confirms such an event took place. Typically, issues related to unauthorized use of music in political campaigns are handled through legal channels or public statements by the artists or their representatives, not directly through political confrontations as described in the claim.""]"
https://x.com/mmpadellan/status/1821856449003450650,['Other'],"[""TLDR - No specific claim to verify.\\n\\nVERDICT – other\\n\\nX - No factual claim present in the provided URL text for verification. It\\'s a reference to a social media post.\\n\\nSUMMARY - The provided text is a URL pointing to a post on X (formerly known as Twitter) by the user BrooklynDad_Defiant!. Without additional context or content from the actual post, there is no specific claim or statement to fact-check. The text merely directs to a social media link, which on its own does not present any verifiable factual information.""]",['54be681d-b4b8-4677-8e05-477a426c4ca0'],['No specific claim to verify.'],"['The provided text is a URL pointing to a post on X (formerly known as Twitter) by the user BrooklynDad_Defiant!. Without additional context or content from the actual post, there is no specific claim or statement to fact-check. The text merely directs to a social media link, which on its own does not present any verifiable factual information.']"
https://x.com/maddenifico/status/1822495703068758103,['Other'],"['TLDR - No specific claim to verify.\\n\\nVERDICT – other\\n\\nX - The provided text is a URL, not a claim. No factual content to verify.\\n\\nSUMMARY - The text provided is simply a URL leading to a post on X (formerly known as Twitter). Without additional context or content from the actual post, there is no specific claim or statement to fact-check. Therefore, the analysis cannot proceed with verifying any factual information as no claim has been presented in the text.']",['55ccacf1-0d10-4bf4-94dc-a4918b6c1c65'],['No specific claim to verify.'],"['The text provided is simply a URL leading to a post on X (formerly known as Twitter). Without additional context or content from the actual post, there is no specific claim or statement to fact-check. Therefore, the analysis cannot proceed with verifying any factual information as no claim has been presented in the text.']"
https://x.com/maddenifico/status/1822495703068758103,['Other'],"['TLDR - No specific claim to verify.\\n\\nVERDICT – other\\n\\nX - No claim provided in the text for fact-checking. The text only contains a URL.\\n\\nSUMMARY - The text provided is simply a URL pointing to a specific post on X (formerly known as Twitter). Without additional context or a specific claim from the content of the URL, there is no claim to verify or analyze against established knowledge. Therefore, the response is categorized as \\""other\\"" since there is no factual claim presented for evaluation.']",['a5767871-cf6c-49a2-9b5c-cdcbcf82a9d1'],['No specific claim to verify.'],"['The text provided is simply a URL pointing to a specific post on X (formerly known as Twitter). Without additional context or a specific claim from the content of the URL, there is no claim to verify or analyze against established knowledge. Therefore, the response is categorized as \\""other\\"" since there is no factual claim presented for evaluation.']"
https://x.com/mmpadellan/status/1822455810804285486,['Other'],"['TLDR - No claim to verify.\\n\\nVERDICT – other\\n\\nX - The provided text is a URL, not a claim or statement. No factual content to verify.\\n\\nSUMMARY - The text provided is simply a URL linking to a post on X (formerly Twitter) by the user BrooklynDad_Defiant!. Without additional context or content from the actual post, there is no specific claim or statement to evaluate for truthfulness or accuracy. Therefore, no fact-checking can be conducted based solely on a URL.']",['19e3d221-ea06-4365-a170-a042822e7292'],['No claim to verify.'],"['The text provided is simply a URL linking to a post on X (formerly Twitter) by the user BrooklynDad_Defiant!. Without additional context or content from the actual post, there is no specific claim or statement to evaluate for truthfulness or accuracy. Therefore, no fact-checking can be conducted based solely on a URL.']"
https://x.com/krassenstein/status/1822420602059202936,['False'],"[""TLDR - The claim that Kamala Harris refuses to take questions or is afraid to be in the public\\'s eye is false.\\n\\nVERDICT – false\\n\\nX - Claims that Kamala Harris avoids questions and public appearances are false. Evidence shows she actively engages with the press and public.\\n\\nSUMMARY - The claim that Vice President Kamala Harris refuses to take questions or is afraid to be in the public\\'s eye is contradicted by evidence of her active engagement with the media and public appearances. Recent footage and reports show her answering questions from the press in Las Vegas, which directly refutes the assertion made in the claim. This demonstrates that she is not avoiding public interactions or media inquiries, thus rendering the claim false.""]",['28f6edba-bc07-4b0c-a106-0b1fe896b86c'],"[""The claim that Kamala Harris refuses to take questions or is afraid to be in the public\\'s eye is false.""]","[""The claim that Vice President Kamala Harris refuses to take questions or is afraid to be in the public\\'s eye is contradicted by evidence of her active engagement with the media and public appearances. Recent footage and reports show her answering questions from the press in Las Vegas, which directly refutes the assertion made in the claim. This demonstrates that she is not avoiding public interactions or media inquiries, thus rendering the claim false.""]"
https://x.com/EdKrassen/status/1822301850223202654,['Other'],"[""TLDR - No specific claim to verify.\\n\\nVERDICT – other\\n\\nX - No factual claim presented in the URL provided. It\\'s a statement of opinion regarding a political figure.\\n\\nSUMMARY - The text provided is a URL pointing to a post on X (formerly Twitter) by Ed Krassenstein. The content of the post expresses an opinion about a political figure, specifically highlighting their career achievements. Since the text does not make a factual claim but rather states an opinion, there is no factual accuracy to verify. Opinions are subjective and cannot be fact-checked in the same way as factual statements.""]",['6382f13e-4879-4991-b03b-00b432278d4f'],['No specific claim to verify.'],"['The text provided is a URL pointing to a post on X (formerly Twitter) by Ed Krassenstein. The content of the post expresses an opinion about a political figure, specifically highlighting their career achievements. Since the text does not make a factual claim but rather states an opinion, there is no factual accuracy to verify. Opinions are subjective and cannot be fact-checked in the same way as factual statements.']"
https://x.com/celinedion/status/1822347994223587506,['Other'],"['TLDR - No specific claim to verify.\\n\\nVERDICT – other\\n\\nX - No claim provided in the text for fact-checking. The text is a URL pointing to a post on X.\\n\\nSUMMARY - The provided text is a URL linking to a post on X, specifically a page related to Celine Dion. Without additional context or content from the URL itself, there is no specific claim within the text to verify against established knowledge. Therefore, the text does not contain any factual information that can be evaluated for truthfulness.']",['523c0e8e-229e-4c4f-9a8a-64f20785c327'],['No specific claim to verify.'],"['The provided text is a URL linking to a post on X, specifically a page related to Celine Dion. Without additional context or content from the URL itself, there is no specific claim within the text to verify against established knowledge. Therefore, the text does not contain any factual information that can be evaluated for truthfulness.']"
https://x.com/cb_doge/status/1822367060812599714,['Other'],"['TLDR - No claim to verify.\\n\\nVERDICT – other\\n\\nX - No factual claim present in the provided text. It only contains a URL.\\n\\nSUMMARY - The provided text is simply a URL and does not contain any factual claims or statements that can be verified against established knowledge. Therefore, there is no content to evaluate for truthfulness or accuracy in this instance. The URL itself points to a post on X (formerly known as Twitter), but without additional context or content from the URL itself, no fact-checking can be performed.']",['e2c82ffe-6221-4665-b1f2-fdf14c9db6f8'],['No claim to verify.'],"['The provided text is simply a URL and does not contain any factual claims or statements that can be verified against established knowledge. Therefore, there is no content to evaluate for truthfulness or accuracy in this instance. The URL itself points to a post on X (formerly known as Twitter), but without additional context or content from the URL itself, no fact-checking can be performed.']"
https://x.com/Brettbenraphael/status/1822273456374796571,['Other'],"['TLDR - No specific claim to verify.\\n\\nVERDICT – other\\n\\nX - The provided URL does not contain a verifiable claim; it\\\'s a statement without factual content to check.\\n\\nSUMMARY - The text provided is a URL leading to a post on X by Brett Ben Raphael, which includes a statement about \\""two tier policing\\"" and \\""two tier judiciary\\"" in England, claiming \\""England is sold.\\"" This statement is more of an opinion or a political commentary rather than a factual claim that can be verified or debunked with evidence. Therefore, there is no specific factual content to assess for accuracy.']",['9b4dbe8a-3484-4afc-ae41-786e6415df9c'],['No specific claim to verify.'],"['The text provided is a URL leading to a post on X by Brett Ben Raphael, which includes a statement about \\""two tier policing\\"" and \\""two tier judiciary\\"" in England, claiming \\""England is sold.\\"" This statement is more of an opinion or a political commentary rather than a factual claim that can be verified or debunked with evidence. Therefore, there is no specific factual content to assess for accuracy.']"
https://x.com/KarlMartinIrl/status/1822414049704820946,['Other'],"[""TLDR - No verifiable content provided.\\n\\nVERDICT – other\\n\\nX - The provided text is a URL with no content to fact-check. It references a Twitter link without specific claims or statements.\\n\\nSUMMARY - The text submitted is simply a URL pointing to a Twitter status and does not contain any specific claims or statements that can be fact-checked. Without additional context or content from the tweet itself, it\\'s impossible to evaluate the validity of any claims. The URL alone does not provide enough information for a factual analysis.""]",['20f71065-40a7-4b82-ab3d-454628ad3c82'],['No verifiable content provided.'],"[""The text submitted is simply a URL pointing to a Twitter status and does not contain any specific claims or statements that can be fact-checked. Without additional context or content from the tweet itself, it\\'s impossible to evaluate the validity of any claims. The URL alone does not provide enough information for a factual analysis.""]"
https://x.com/higgyboson/status/1822401818615300380,['Other'],"['TLDR - No verifiable content provided.\\n\\nVERDICT – other\\n\\nX - The provided text is a URL, not a claim or statement. No factual content to verify.\\n\\nSUMMARY - The text submitted is simply a URL pointing to a post on X (formerly known as Twitter) and does not contain any direct claim or statement that can be fact-checked. Without additional context or specific claims from the content of the URL, it is impossible to perform a fact-check. The URL itself does not present any verifiable factual information.']",['cf7a042a-975c-41d5-bd4c-e844a048e1b3'],['No verifiable content provided.'],"['The text submitted is simply a URL pointing to a post on X (formerly known as Twitter) and does not contain any direct claim or statement that can be fact-checked. Without additional context or specific claims from the content of the URL, it is impossible to perform a fact-check. The URL itself does not present any verifiable factual information.']"
https://x.com/PoetLex5298/status/1822367271534346261,['Other'],"['TLDR - No factual claim to verify.\\n\\nVERDICT – other\\n\\nX - The tweet by @PoetLex5298 expresses an opinion on gun ownership and freedom, not a verifiable fact. It\\\'s a subjective statement.\\n\\nSUMMARY - The tweet from @PoetLex5298, stating \\""When you give up your guns, you give up your freedom. Now you can\\\'t hold a stick. I hope it isn\\\'t too late for the people in ...\\"" is a subjective expression of an opinion regarding gun ownership and its relation to personal freedom. This statement does not present a factual claim that can be verified or falsified with evidence or established knowledge. It reflects the individual\\\'s personal views and concerns about gun control and its implications on freedom, which are subjective and open to interpretation.']",['869d6cf8-7618-463f-822e-692401234a5b'],['No factual claim to verify.'],"['The tweet from @PoetLex5298, stating \\""When you give up your guns, you give up your freedom. Now you can\\\'t hold a stick. I hope it isn\\\'t too late for the people in ...\\"" is a subjective expression of an opinion regarding gun ownership and its relation to personal freedom. This statement does not present a factual claim that can be verified or falsified with evidence or established knowledge. It reflects the individual\\\'s personal views and concerns about gun control and its implications on freedom, which are subjective and open to interpretation.']"
https://x.com/Terryyyvibez/status/1822324655497138492,['Other'],"[""TLDR - No claim to verify.\\n\\nVERDICT – other\\n\\nX - No factual claim present in the text. It\\'s merely a URL, which doesn\\'t provide content for factual verification.\\n\\nSUMMARY - The text provided is simply a URL and does not contain any factual claim or statement that can be verified against established knowledge. It refers to a post on a social media platform, which without additional context, cannot be assessed for truthfulness or accuracy. Therefore, no verification of facts is possible based solely on this text.""]",['c0ce32ed-772f-43b5-863b-a7100a43f292'],['No claim to verify.'],"['The text provided is simply a URL and does not contain any factual claim or statement that can be verified against established knowledge. It refers to a post on a social media platform, which without additional context, cannot be assessed for truthfulness or accuracy. Therefore, no verification of facts is possible based solely on this text.']"
https://x.com/WorldHallOfFun/status/1822327609696354494,['Other'],"['TLDR - No specific claim to verify.\\n\\nVERDICT – other\\n\\nX - The provided text is a URL and does not contain a verifiable claim. It points to a potential post on X which cannot be assessed without content.\\n\\nSUMMARY - The text provided is a URL linking to a post on X, specifically from an account named \\""WorldHallOfFun.\\"" Without access to the content of the actual post, it is impossible to verify any claims or provide a factual analysis. The URL itself does not present any factual information that can be evaluated for truthfulness. Therefore, no verification of claims can be conducted based solely on this URL.']",['c17fc905-b08c-43ed-a616-9af70fd04982'],['No specific claim to verify.'],"['The text provided is a URL linking to a post on X, specifically from an account named \\""WorldHallOfFun.\\"" Without access to the content of the actual post, it is impossible to verify any claims or provide a factual analysis. The URL itself does not present any factual information that can be evaluated for truthfulness. Therefore, no verification of claims can be conducted based solely on this URL.']"
https://x.com/Teagan1776/status/1821329325724963237,['Other'],"['TLDR - No specific claim to verify.\\n\\nVERDICT – other\\n\\nX - The provided text is a URL, not a claim. No factual content to verify.\\n\\nSUMMARY - The text provided is simply a URL leading to a post on X (formerly known as Twitter). There is no specific claim within the text itself to verify against established knowledge. The URL alone does not contain any verifiable information without additional context or content from the linked post. Therefore, there is no basis for a factual verification process based solely on the URL provided.']",['c8fd0c65-7032-4c33-be29-0dd79a1e1f89'],['No specific claim to verify.'],"['The text provided is simply a URL leading to a post on X (formerly known as Twitter). There is no specific claim within the text itself to verify against established knowledge. The URL alone does not contain any verifiable information without additional context or content from the linked post. Therefore, there is no basis for a factual verification process based solely on the URL provided.']"
https://x.com/stevegrubershow/status/1821592213354061881,['Other'],"['TLDR - No evidence provided.\\n\\nVERDICT – other\\n\\nX - The claim about Kamala Harris using fake supporters lacks evidence. The tweet is an opinion, not substantiated by facts.\\n\\nSUMMARY - The tweet from the account \\""Steve Gruber\\"" claims that Kamala Harris is using fake supporters, suggesting that her actual support might be less than it appears. However, this claim is presented without any supporting evidence or context that verifies the authenticity of the supporters being fake. It appears to be an opinion rather than a fact-based statement. Without concrete evidence or additional context, it\\\'s not possible to definitively validate or refute the claim based solely on the tweet.']",['4c6d89b8-1615-4b4d-bea9-f5b1e31777e1'],['No evidence provided.'],"['The tweet from the account \\""Steve Gruber\\"" claims that Kamala Harris is using fake supporters, suggesting that her actual support might be less than it appears. However, this claim is presented without any supporting evidence or context that verifies the authenticity of the supporters being fake. It appears to be an opinion rather than a fact-based statement. Without concrete evidence or additional context, it\\\'s not possible to definitively validate or refute the claim based solely on the tweet.']"
https://x.com/jakeshieldsajj/status/1822366559379284206,['Other'],"['TLDR - The claim cannot be verified without additional context or evidence.\\n\\nVERDICT – other\\n\\nX - The claim about Harris using AI to fake crowd sizes lacks evidence and context in the provided source. Verification is not possible.\\n\\nSUMMARY - The source provided does not contain sufficient information to verify the claim that Kamala Harris is using AI to fake crowd sizes. The tweet mentions reflections on an airplane but does not provide any direct evidence or further details about the use of AI for manipulating crowd sizes. Without additional context or corroborative evidence, this claim remains unverified.']",['1be758a8-7a19-4d64-89a8-6ec52c8d6009'],['The claim cannot be verified without additional context or evidence.'],"['The source provided does not contain sufficient information to verify the claim that Kamala Harris is using AI to fake crowd sizes. The tweet mentions reflections on an airplane but does not provide any direct evidence or further details about the use of AI for manipulating crowd sizes. Without additional context or corroborative evidence, this claim remains unverified.']"
https://x.com/Kanthan2030/status/1728709878183780693,['Other'],"['TLDR - No factual claim to verify.\\n\\nVERDICT – other\\n\\nX - The provided URL does not contain a specific claim to verify; it\\\'s just a link to a social media post.\\n\\nSUMMARY - The text provided is simply a URL linking to a social media post by S.L. Kanthan on X (formerly Twitter). Without additional context or content from the actual post, there is no specific claim to verify or analyze for accuracy. Therefore, the response is categorized as \\""other\\"" since there is no factual statement to evaluate.']",['22abca35-6934-42f5-9b2b-815d7891547d'],['No factual claim to verify.'],"['The text provided is simply a URL linking to a social media post by S.L. Kanthan on X (formerly Twitter). Without additional context or content from the actual post, there is no specific claim to verify or analyze for accuracy. Therefore, the response is categorized as \\""other\\"" since there is no factual statement to evaluate.']"
https://x.com/WallStreetApes/status/1817233182464549280,['Other'],"['TLDR - Unable to verify without content.\\n\\nVERDICT – other\\n\\nX - The provided URL lacks specific content details, making it impossible to verify any claims or information.\\n\\nSUMMARY - The text provided is simply a URL pointing to a post on X (formerly known as Twitter) by the account Wall Street Apes. Without additional context or content from the actual post, it is impossible to evaluate the validity of any claims or statements that might be associated with this URL. Therefore, no factual analysis or verification can be conducted based solely on the URL provided.']",['1368ff0b-5901-45a1-8b69-867e6e838fec'],['Unable to verify without content.'],"['The text provided is simply a URL pointing to a post on X (formerly known as Twitter) by the account Wall Street Apes. Without additional context or content from the actual post, it is impossible to evaluate the validity of any claims or statements that might be associated with this URL. Therefore, no factual analysis or verification can be conducted based solely on the URL provided.']"
https://x.com/WallStreetApes/status/1817233182464549280,['Other'],"['TLDR - Unable to verify without content.\\n\\nVERDICT – other\\n\\nX - The provided link alone lacks context or content for fact-checking. No claim is made to verify.\\n\\nSUMMARY - The text provided is simply a URL link to a post on X (formerly Twitter) by the account Wall Street Apes. Without additional context or specific claims from the content of the linked post, it is impossible to perform a fact-check. Fact-checking requires specific claims or statements to evaluate against established knowledge or data. Therefore, no verification of truthfulness or falsehood can be made based solely on the URL provided.']",['bebfa38c-4c11-4ff1-8c62-a521f7902f44'],['Unable to verify without content.'],"['The text provided is simply a URL link to a post on X (formerly Twitter) by the account Wall Street Apes. Without additional context or specific claims from the content of the linked post, it is impossible to perform a fact-check. Fact-checking requires specific claims or statements to evaluate against established knowledge or data. Therefore, no verification of truthfulness or falsehood can be made based solely on the URL provided.']"
https://x.com/WallStreetApes/status/1817233182464549280,['Other'],"['TLDR - Unable to verify without content details.\\n\\nVERDICT – other\\n\\nX - The provided URL alone lacks context or claim details, making it impossible to verify any specific claim.\\n\\nSUMMARY - The text provided is simply a URL, which leads to a post on a social media platform. Without additional context or details about the content of the post, it is impossible to evaluate the validity of any claims or statements made within that post. To conduct a proper fact-check, specific claims or statements need to be presented.']",['b1ed26f0-fff0-4818-99df-2e850f2ea6e7'],['Unable to verify without content details.'],"['The text provided is simply a URL, which leads to a post on a social media platform. Without additional context or details about the content of the post, it is impossible to evaluate the validity of any claims or statements made within that post. To conduct a proper fact-check, specific claims or statements need to be presented.']"
https://x.com/kgbbest/status/1822598466474016878,['Other'],"['TLDR - No specific claim to verify.\\n\\nVERDICT – other\\n\\nX - No claim presented in the text for verification. The text only contains a URL.\\n\\nSUMMARY - The provided text does not contain any factual claims or statements that can be verified. It merely consists of a URL, which points to a specific page on X (formerly known as Twitter). Without additional context or content from the URL itself, no factual analysis or verification can be performed.']",['c3dbad3c-da5c-4ceb-a535-7806ba0a0adf'],['No specific claim to verify.'],"['The provided text does not contain any factual claims or statements that can be verified. It merely consists of a URL, which points to a specific page on X (formerly known as Twitter). Without additional context or content from the URL itself, no factual analysis or verification can be performed.']"
https://x.com/MusashiBonMot/status/1822597884774085101,['Other'],"['TLDR - No specific claim to verify.\\n\\nVERDICT – other\\n\\nX - The provided text is a URL to a post on X (formerly Twitter) and does not contain a factual claim to verify.\\n\\nSUMMARY - The text provided is simply a URL pointing to a post on the social media platform X (formerly known as Twitter). Without access to the content of the specific post, it is impossible to evaluate any claims or statements for their accuracy or validity. Therefore, no factual verification can be conducted based solely on the URL provided.']",['ff5f2224-49d3-4fe2-ade5-f976e57b6f88'],['No specific claim to verify.'],"['The text provided is simply a URL pointing to a post on the social media platform X (formerly known as Twitter). Without access to the content of the specific post, it is impossible to evaluate any claims or statements for their accuracy or validity. Therefore, no factual verification can be conducted based solely on the URL provided.']"
https://x.com/Pierre_B_44000/status/1822594560070947123,['Other'],"['TLDR - The provided text is not a claim but a URL, which cannot be fact-checked.\\n\\nVERDICT – other\\n\\nX - The text is a URL link to a X post and does not contain a factual claim to verify.\\n\\nSUMMARY - The text provided is a URL pointing to a specific post on X, which is a platform for sharing short messages and links. As it stands, the URL itself does not present any factual information or claim that can be evaluated for truthfulness. Fact-checking applies to claims or statements that assert facts, which can be verified against established knowledge or data. In this case, without additional context or content from the linked X post, no fact-checking can be performed.']",['99bc9ca1-8976-4235-a4b7-62f2c5de3ca5'],"['The provided text is not a claim but a URL, which cannot be fact-checked.']","['The text provided is a URL pointing to a specific post on X, which is a platform for sharing short messages and links. As it stands, the URL itself does not present any factual information or claim that can be evaluated for truthfulness. Fact-checking applies to claims or statements that assert facts, which can be verified against established knowledge or data. In this case, without additional context or content from the linked X post, no fact-checking can be performed.']"
https://x.com/RavynSkye1/status/1822613041529205231,['Other'],"['TLDR - No specific claim to verify.\\n\\nVERDICT – other\\n\\nX - No claim provided in the text for verification. The text only contains a URL to a X post.\\n\\nSUMMARY - The text provided is simply a URL leading to a post on X (formerly known as Twitter) and does not contain any specific claim or statement that can be fact-checked. Without additional context or content from the linked post, it is impossible to perform a fact-check. Therefore, the response is categorized as \\""other\\"" since there is no claim to verify or refute based on the information given.']",['54ed2eb8-46da-473b-b2e3-396bd26b1164'],['No specific claim to verify.'],"['The text provided is simply a URL leading to a post on X (formerly known as Twitter) and does not contain any specific claim or statement that can be fact-checked. Without additional context or content from the linked post, it is impossible to perform a fact-check. Therefore, the response is categorized as \\""other\\"" since there is no claim to verify or refute based on the information given.']"
https://x.com/Fredcrim1/status/1822613020918284317,['Other'],"['TLDR - No specific claim to verify.\\n\\nVERDICT – other\\n\\nX - No claim provided in the text for verification. The text only contains a URL, which cannot be fact-checked without additional context.\\n\\nSUMMARY - The text provided is simply a URL and does not contain any specific claim or statement that can be fact-checked. Without additional context or content from the URL, it is impossible to evaluate the validity of any claims. Therefore, no factual analysis can be conducted based solely on the URL provided.']",['35ff55e6-a644-4800-ba99-d0ac3cf0c2cd'],['No specific claim to verify.'],"['The text provided is simply a URL and does not contain any specific claim or statement that can be fact-checked. Without additional context or content from the URL, it is impossible to evaluate the validity of any claims. Therefore, no factual analysis can be conducted based solely on the URL provided.']"
https://x.com/Buz108/status/1822612994490261749,['Other'],"['TLDR - No claim to verify.\\n\\nVERDICT – other\\n\\nX - The provided text is a URL to a post on X (formerly Twitter) and contains no factual claim to verify.\\n\\nSUMMARY - The text provided is simply a URL linking to a post on the social media platform X (formerly known as Twitter). As there is no specific claim or statement within the text itself to evaluate, there is no factual content to verify against established knowledge. The URL format suggests it directs to a specific post, but without content from the post itself, no verification can be performed.']",['0f549ec4-cb4c-43f6-81e0-b288ccb69471'],['No claim to verify.'],"['The text provided is simply a URL linking to a post on the social media platform X (formerly known as Twitter). As there is no specific claim or statement within the text itself to evaluate, there is no factual content to verify against established knowledge. The URL format suggests it directs to a specific post, but without content from the post itself, no verification can be performed.']"
https://x.com/tampa_npa/status/1822612949417984356,['Other'],"[""TLDR - No specific claim to verify.\\n\\nVERDICT – other\\n\\nX - No claim provided in the text for fact-checking. It\\'s a URL to a social media post.\\n\\nSUMMARY - The provided text is a URL pointing to a specific post on the social media platform X (formerly known as Twitter). Without access to the content of the linked post, it is impossible to evaluate any claims or statements for their validity. Therefore, no fact-checking can be performed based solely on the URL provided.""]",['aa57bedd-66a3-48a0-bb16-004646c51ee4'],['No specific claim to verify.'],"['The provided text is a URL pointing to a specific post on the social media platform X (formerly known as Twitter). Without access to the content of the linked post, it is impossible to evaluate any claims or statements for their validity. Therefore, no fact-checking can be performed based solely on the URL provided.']"
https://x.com/ANaznin8913/status/1822612936118198351,['Other'],"['TLDR - No specific claim to verify.\\n\\nVERDICT – other\\n\\nX - The text provided is a URL to a X post and contains no specific claim for verification.\\n\\nSUMMARY - The text submitted is merely a URL pointing to a post on X and does not include any specific claim or statement that can be fact-checked. Without additional context or content from the actual post linked, it is impossible to perform a fact-check. The URL itself does not present any verifiable information.']",['88b342ae-d1d3-4b40-8c5c-83dbb7b92085'],['No specific claim to verify.'],"['The text submitted is merely a URL pointing to a post on X and does not include any specific claim or statement that can be fact-checked. Without additional context or content from the actual post linked, it is impossible to perform a fact-check. The URL itself does not present any verifiable information.']"
https://x.com/A88998522/status/1822612936067518884,['Other'],"['TLDR - No specific claim to verify.\\n\\nVERDICT – other\\n\\nX - The text provided is a URL to a X post. Without content from the post, no factual claim can be verified.\\n\\nSUMMARY - The text submitted is merely a URL pointing to a post on X, and does not contain any factual statements or claims that can be evaluated for accuracy. Without additional context or content from the linked post, it is impossible to conduct a fact-check. Therefore, the submission does not present any verifiable information.']",['2de55371-8e72-46ba-93ee-dd10f365550e'],['No specific claim to verify.'],"['The text submitted is merely a URL pointing to a post on X, and does not contain any factual statements or claims that can be evaluated for accuracy. Without additional context or content from the linked post, it is impossible to conduct a fact-check. Therefore, the submission does not present any verifiable information.']"
https://x.com/SHUBHAM44510044/status/1822612916496994388,['Other'],"['TLDR - No specific claim to verify.\\n\\nVERDICT – other\\n\\nX - The provided text is a URL to a post on X (formerly Twitter) and does not contain a factual claim to evaluate.\\n\\nSUMMARY - The text provided is simply a URL leading to a post on the social media platform X (formerly known as Twitter). Without access to the content of the post itself, it is impossible to evaluate any claims or statements for their validity. Therefore, no factual analysis or verification can be conducted based solely on the URL provided.']",['31f52465-1bcc-4701-87a7-5ec51ce49252'],['No specific claim to verify.'],"['The text provided is simply a URL leading to a post on the social media platform X (formerly known as Twitter). Without access to the content of the post itself, it is impossible to evaluate any claims or statements for their validity. Therefore, no factual analysis or verification can be conducted based solely on the URL provided.']"
https://x.com/crisvsanchezv/status/1822612878844719596,['Other'],"[""TLDR - No specific claim to verify.\\n\\nVERDICT – other\\n\\nX - The provided text is a URL to a X post. Without content from the post, no factual claim can be verified.\\n\\nSUMMARY - The text provided is a URL linking to a post on X, specifically to a user\\'s profile. Without additional context or content from the actual post, it is impossible to verify any factual claims. The URL itself does not present any verifiable information beyond directing to a potential X post. Therefore, no factual analysis can be conducted based solely on this URL.""]",['c13b90b3-35b6-49c8-a1a8-bf4b2cbc2a40'],['No specific claim to verify.'],"[""The text provided is a URL linking to a post on X, specifically to a user\\'s profile. Without additional context or content from the actual post, it is impossible to verify any factual claims. The URL itself does not present any verifiable information beyond directing to a potential X post. Therefore, no factual analysis can be conducted based solely on this URL.""]"
https://x.com/AISHWAR09569914/status/1822612861610287232,['Other'],"['TLDR - No specific claim to verify.\\n\\nVERDICT – other\\n\\nX - The provided text is a URL to a X post and contains no verifiable claim. No factual analysis is possible without content.\\n\\nSUMMARY - The text provided is merely a URL linking to a post on X and does not contain any specific claim or statement that can be fact-checked. Without additional context or content from the linked post, it is impossible to conduct a factual analysis or verify any claims. Therefore, the text as given does not lend itself to a traditional fact-checking process.']",['092b0829-e8f8-4967-88bb-4bed0f09d50a'],['No specific claim to verify.'],"['The text provided is merely a URL linking to a post on X and does not contain any specific claim or statement that can be fact-checked. Without additional context or content from the linked post, it is impossible to conduct a factual analysis or verify any claims. Therefore, the text as given does not lend itself to a traditional fact-checking process.']"
https://x.com/GKCLEVTTDEPP_/status/1822612689140564175,['False'],"[""TLDR - Invalid URL.\\n\\nVERDICT – false\\n\\nX - The provided text is a URL to a supposed X post, but it\\'s formatted incorrectly and cannot be verified as a valid link.\\n\\nSUMMARY - The text provided is intended to be a URL linking to a post on X (formerly known as Twitter). However, the format of the URL is incorrect as it does not follow the standard URL format and includes placeholders which are not typically part of a valid URL structure. Without a correct and accessible URL, it\\'s impossible to verify the content of the supposed post, leading to the conclusion that the claim of this being a valid URL is false.""]",['61c2017b-a82f-4f48-9413-2ce02f229ab7'],['Invalid URL.'],"[""The text provided is intended to be a URL linking to a post on X (formerly known as Twitter). However, the format of the URL is incorrect as it does not follow the standard URL format and includes placeholders which are not typically part of a valid URL structure. Without a correct and accessible URL, it\\'s impossible to verify the content of the supposed post, leading to the conclusion that the claim of this being a valid URL is false.""]"
https://x.com/mlboyce_realtor/status/1822617328472756593,['Other'],"['TLDR - No specific claim to verify.\\n\\nVERDICT – other\\n\\nX - No claim provided in the text for verification. The text only contains a URL.\\n\\nSUMMARY - The text provided does not contain a claim or statement that can be fact-checked. It merely includes a URL, which presumably links to a post or page on X (formerly known as Twitter). Without additional context or content from the linked page, no factual analysis or verification can be performed based solely on the URL provided.']",['1276d2e0-b576-4bfc-a841-6cb086f51327'],['No specific claim to verify.'],"['The text provided does not contain a claim or statement that can be fact-checked. It merely includes a URL, which presumably links to a post or page on X (formerly known as Twitter). Without additional context or content from the linked page, no factual analysis or verification can be performed based solely on the URL provided.']"
https://x.com/JeChandani478/status/1822615941277991059,['Other'],"[""TLDR - No specific claim to verify.\\n\\nVERDICT – other\\n\\nX - The provided text is a URL to a X post and does not contain a verifiable claim. It\\'s a link, not a statement or fact.\\n\\nSUMMARY - The text provided is simply a URL leading to a post on X, which does not present a specific claim or statement that can be fact-checked. Without additional context or content from the linked post, it is impossible to conduct a fact-check analysis. The URL itself does not contain any verifiable information; it merely serves as a pointer to another source.""]",['0534fd68-4bde-49ec-a024-b7fa1f3a920a'],['No specific claim to verify.'],"['The text provided is simply a URL leading to a post on X, which does not present a specific claim or statement that can be fact-checked. Without additional context or content from the linked post, it is impossible to conduct a fact-check analysis. The URL itself does not contain any verifiable information; it merely serves as a pointer to another source.']"
https://x.com/NutritionistKD/status/1822608263357358263,['Other'],"['TLDR - No claim to verify.\\n\\nVERDICT – other\\n\\nX - No factual claim presented in the text for verification; it only contains a URL.\\n\\nSUMMARY - The text provided does not contain any factual claims or statements that can be verified. It merely includes a URL, which points to a source but does not itself present any information that can be analyzed for accuracy. Therefore, there is no content to fact-check against established knowledge.']",['2037eecc-182e-4c17-b0e2-c19fb7ab5908'],['No claim to verify.'],"['The text provided does not contain any factual claims or statements that can be verified. It merely includes a URL, which points to a source but does not itself present any information that can be analyzed for accuracy. Therefore, there is no content to fact-check against established knowledge.']"
https://x.com/DynamikoFoodIng/status/1822603901713137952,['Other'],"['TLDR - No specific claim to verify.\\n\\nVERDICT – other\\n\\nX - The provided text is a URL to a X post and does not contain a claim to verify. It requires accessing the link for more details.\\n\\nSUMMARY - The text provided is simply a URL linking to a post on X, specifically from a user named DynamikoFoodIng. Without additional context or content from the actual post, there is no specific claim available in the text to verify against established knowledge. To evaluate any claims, the content of the linked post would need to be reviewed.']",['adf2f584-4c7a-4137-bd17-1c84beb45db6'],['No specific claim to verify.'],"['The text provided is simply a URL linking to a post on X, specifically from a user named DynamikoFoodIng. Without additional context or content from the actual post, there is no specific claim available in the text to verify against established knowledge. To evaluate any claims, the content of the linked post would need to be reviewed.']"
https://x.com/Tigervitality1/status/1822597261022671245,['Other'],"['TLDR - No specific claim to verify.\\n\\nVERDICT – other\\n\\nX - No claim provided in the text for verification. The text only contains a URL to a post on X.\\n\\nSUMMARY - The text provided does not contain any specific claim or statement that can be fact-checked. It merely includes a URL, presumably linking to a post on the platform formerly known as Twitter, now X. Without additional context or content from the linked post, no factual analysis or verification can be conducted based solely on the URL provided.']",['a43aa039-2b72-4772-b519-eb9480ba45ac'],['No specific claim to verify.'],"['The text provided does not contain any specific claim or statement that can be fact-checked. It merely includes a URL, presumably linking to a post on the platform formerly known as Twitter, now X. Without additional context or content from the linked post, no factual analysis or verification can be conducted based solely on the URL provided.']"
https://x.com/adetunjidamm2/status/1822596176132067617,['Other'],"['TLDR - No specific claim to verify.\\n\\nVERDICT – other\\n\\nX - The provided text is a URL to a X post and contains no specific claim for fact-checking.\\n\\nSUMMARY - The text provided is a URL that points to a specific post on X (formerly known as Twitter). Without access to the content of the post itself, it is impossible to evaluate any claims or statements made within that post. Therefore, no fact-checking can be performed based solely on the URL provided.']",['54bc58d6-5988-44fe-81a1-71575c9aa930'],['No specific claim to verify.'],"['The text provided is a URL that points to a specific post on X (formerly known as Twitter). Without access to the content of the post itself, it is impossible to evaluate any claims or statements made within that post. Therefore, no fact-checking can be performed based solely on the URL provided.']"
https://x.com/TheHLOrg/status/1822561563120669032,['Other'],"['TLDR - No specific claim to verify.\\n\\nVERDICT – other\\n\\nX - The provided text is a URL to a X post. No specific claim is made in the text for fact-checking.\\n\\nSUMMARY - The text provided is a URL linking to a post on X, specifically from the account \\""TheHLOrg.\\"" Without access to the content of the X post itself, there is no specific claim presented in the text that can be evaluated for truthfulness or accuracy. Therefore, no fact-checking can be performed on the URL alone without additional context or content from the linked post.']",['b36aef41-3d5c-4afc-b4b2-3cc3c1f6ced2'],['No specific claim to verify.'],"['The text provided is a URL linking to a post on X, specifically from the account \\""TheHLOrg.\\"" Without access to the content of the X post itself, there is no specific claim presented in the text that can be evaluated for truthfulness or accuracy. Therefore, no fact-checking can be performed on the URL alone without additional context or content from the linked post.']"
https://x.com/INDIAN_SUHEL25/status/1822543381102252403,['Other'],"['TLDR - No specific claim to verify.\\n\\nVERDICT – other\\n\\nX - No claim provided in the text to verify. The text only contains a URL to a social media post.\\n\\nSUMMARY - The provided text is simply a URL pointing to a social media post on X (formerly Twitter) and does not contain any claim or statement that can be fact-checked. Without additional context or content from the linked post, it is impossible to conduct a fact-check based solely on the URL provided.']",['63be798f-47ef-418e-9c43-de2fa13038a9'],['No specific claim to verify.'],"['The provided text is simply a URL pointing to a social media post on X (formerly Twitter) and does not contain any claim or statement that can be fact-checked. Without additional context or content from the linked post, it is impossible to conduct a fact-check based solely on the URL provided.']"
https://x.com/Jillritchiereal/status/1822529461700473103,['Other'],"['TLDR - No specific claim to verify.\\n\\nVERDICT – other\\n\\nX - No claim provided in the text for fact-checking. The text only contains a URL to a X post.\\n\\nSUMMARY - The text provided does not contain a factual claim or statement that can be evaluated for truthfulness or accuracy. It merely includes a URL that links to a post on X, presumably by a user named Jillritchiereal. Without additional context or content from the URL itself, no fact-checking can be performed on the text as given.']",['04ad406f-c6b5-4e6d-8ed7-560d93cf19d5'],['No specific claim to verify.'],"['The text provided does not contain a factual claim or statement that can be evaluated for truthfulness or accuracy. It merely includes a URL that links to a post on X, presumably by a user named Jillritchiereal. Without additional context or content from the URL itself, no fact-checking can be performed on the text as given.']"
https://x.com/IlkhaAgency/status/1822621974981497294,['Other'],"['TLDR - No specific claim to verify.\\n\\nVERDICT – other\\n\\nX - No claim provided in the text for verification. The text only contains a URL to a post on X.\\n\\nSUMMARY - The text provided is simply a URL leading to a post on the platform formerly known as Twitter, now X. Without access to the content of the linked post, it is impossible to evaluate any claims or statements for their validity. Therefore, the text itself does not contain any verifiable claim, and the analysis is based solely on the URL provided.']",['617bf911-f893-468b-b67c-aa61a056595f'],['No specific claim to verify.'],"['The text provided is simply a URL leading to a post on the platform formerly known as Twitter, now X. Without access to the content of the linked post, it is impossible to evaluate any claims or statements for their validity. Therefore, the text itself does not contain any verifiable claim, and the analysis is based solely on the URL provided.']"
https://x.com/SEntreprendre/status/1822621880043319635,['Other'],"['TLDR - No specific claim to verify.\\n\\nVERDICT – other\\n\\nX - No claim provided in the text for verification. The text only contains a URL to a post on X.\\n\\nSUMMARY - The text provided does not contain any factual claim or statement that can be verified or fact-checked. It merely includes a URL, presumably linking to a post on the platform formerly known as Twitter, now X. Without additional context or content from the linked post, no verification or analysis of factual accuracy can be performed based solely on the URL provided.']",['20153be0-09b1-4865-adc4-da202637b8fd'],['No specific claim to verify.'],"['The text provided does not contain any factual claim or statement that can be verified or fact-checked. It merely includes a URL, presumably linking to a post on the platform formerly known as Twitter, now X. Without additional context or content from the linked post, no verification or analysis of factual accuracy can be performed based solely on the URL provided.']"
https://x.com/Shammalah68/status/1822621837446000904,['Other'],"['TLDR - No specific claim to verify.\\n\\nVERDICT – other\\n\\nX - No claim provided in the text for verification. The text only contains a URL to a post on X.\\n\\nSUMMARY - The text provided does not contain any specific claim or statement that can be fact-checked. It merely includes a URL that presumably links to a post on the platform formerly known as Twitter, now X. Without additional context or content from the linked post, no factual analysis or verification can be conducted based solely on the URL provided.']",['08e193c0-46d2-4c0e-8a76-52ac6cd193cc'],['No specific claim to verify.'],"['The text provided does not contain any specific claim or statement that can be fact-checked. It merely includes a URL that presumably links to a post on the platform formerly known as Twitter, now X. Without additional context or content from the linked post, no factual analysis or verification can be conducted based solely on the URL provided.']"
https://x.com/indianred504/status/1822621766021419138,['Other'],"['TLDR - No specific claim to verify.\\n\\nVERDICT – other\\n\\nX - No claim provided in the text for verification. The text only contains a URL.\\n\\nSUMMARY - The text provided does not contain a claim or statement that can be fact-checked. It merely consists of a URL, which points to a specific page on the social media platform X (formerly known as Twitter). Without additional context or content from the URL, no factual analysis or verification can be performed based solely on the text provided.']",['b9c96d65-b6f5-4a94-bcfb-0931acbe32be'],['No specific claim to verify.'],"['The text provided does not contain a claim or statement that can be fact-checked. It merely consists of a URL, which points to a specific page on the social media platform X (formerly known as Twitter). Without additional context or content from the URL, no factual analysis or verification can be performed based solely on the text provided.']"
https://x.com/serbnews/status/1822626069125505439,['Other'],"['TLDR - No specific claim to verify.\\n\\nVERDICT – other\\n\\nX - The text provided is a URL to a X post and does not contain a claim to verify. \\n\\nSUMMARY - The text provided is simply a URL pointing to a post on X, specifically from a user named \\""serbnews.\\"" Without access to the content of the actual post, it is impossible to verify any claims or provide a factual analysis. The URL itself does not present any claim but merely directs to a potential source of information.']",['4ba6ff7a-e907-41fb-b6e4-b40e45745c42'],['No specific claim to verify.'],"['The text provided is simply a URL pointing to a post on X, specifically from a user named \\""serbnews.\\"" Without access to the content of the actual post, it is impossible to verify any claims or provide a factual analysis. The URL itself does not present any claim but merely directs to a potential source of information.']"
https://x.com/MichaelDriess/status/1822621356162224495,['Other'],"[""TLDR - No specific claim to verify.\\n\\nVERDICT – other\\n\\nX - No claim provided in the text for verification. It\\'s a URL, not a factual statement.\\n\\nSUMMARY - The text provided is a URL linking to a post on X (formerly known as Twitter) and does not contain a factual claim that can be evaluated for truthfulness. As a fact-checker, I can only assess the validity of specific claims or statements. Therefore, without additional context or content from the linked post, no verification of factual accuracy can be performed based on the text given.""]",['cd1ae70c-9de6-469a-9660-af5a28e95f39'],['No specific claim to verify.'],"['The text provided is a URL linking to a post on X (formerly known as Twitter) and does not contain a factual claim that can be evaluated for truthfulness. As a fact-checker, I can only assess the validity of specific claims or statements. Therefore, without additional context or content from the linked post, no verification of factual accuracy can be performed based on the text given.']"
https://x.com/notPBD/status/1823085597856338100,['Other'],"['TLDR - No claim to verify.\\n\\nVERDICT – other\\n\\nX - The provided text is a URL, not a claim. No factual content to verify.\\n\\nSUMMARY - The text submitted is simply a URL pointing to a specific post on X (formerly known as Twitter). Since it does not contain any factual claims or statements within the text itself, there is nothing to verify against established knowledge. The URL alone does not provide information that can be fact-checked without additional context or content from the linked page.']",['babdca76-cf70-4db9-913b-dcc0f9937b13'],['No claim to verify.'],"['The text submitted is simply a URL pointing to a specific post on X (formerly known as Twitter). Since it does not contain any factual claims or statements within the text itself, there is nothing to verify against established knowledge. The URL alone does not provide information that can be fact-checked without additional context or content from the linked page.']"
https://x.com/liz_churchill10/status/1772337352968487309,['False'],"['TLDR - False\\n\\nVERDICT – false\\n\\nX - Claims that Obama and the Soros family are waging \\""LAWFARE\\"" against Trump as part of a \\\'Deep State\\\' are unfounded and lack credible evidence.\\n\\nSUMMARY - The claim that former President Barack Obama and the Soros family are orchestrating legal challenges against President Trump as part of a so-called \\\'Deep State\\\' operation is not supported by credible evidence. Such assertions often stem from conspiracy theories lacking substantiation. The term \\""Deep State\\"" itself is typically used in political discourse to suggest an undemocratic alliance of government officials and others conspiring against the public or elected officials, but it is not recognized as a factual entity in mainstream political analysis or reporting.']",['9cc034ab-dcbf-430f-8f5e-9c823ef72418'],['False'],"['The claim that former President Barack Obama and the Soros family are orchestrating legal challenges against President Trump as part of a so-called \\\'Deep State\\\' operation is not supported by credible evidence. Such assertions often stem from conspiracy theories lacking substantiation. The term \\""Deep State\\"" itself is typically used in political discourse to suggest an undemocratic alliance of government officials and others conspiring against the public or elected officials, but it is not recognized as a factual entity in mainstream political analysis or reporting.']"
https://x.com/BhattiSaaaaab/status/1571306286821609475,['False'],"['TLDR - False\\n\\nVERDICT – false\\n\\nX - The claim about a Tibetan monk discovered in a Nepalese cave causing global shockwaves is false. No credible sources confirm this story.\\n\\nSUMMARY - The claim regarding the discovery of a Tibetan monk in a remote mountain cave in Nepal, which allegedly caused global shockwaves, appears to be unfounded. There are no credible news reports or reliable sources that corroborate this story. Typically, such a discovery would be covered extensively by major news outlets, especially if it had the purported impact of sending shockwaves around the world. The absence of any such coverage strongly suggests that the claim is either exaggerated or entirely fabricated.']",['d7bd86cf-0aec-4200-a433-86b9d346a0d7'],['False'],"['The claim regarding the discovery of a Tibetan monk in a remote mountain cave in Nepal, which allegedly caused global shockwaves, appears to be unfounded. There are no credible news reports or reliable sources that corroborate this story. Typically, such a discovery would be covered extensively by major news outlets, especially if it had the purported impact of sending shockwaves around the world. The absence of any such coverage strongly suggests that the claim is either exaggerated or entirely fabricated.']"
https://x.com/ReshetBet/status/1823003248564801718,['Other'],"['TLDR - No specific claim to verify.\\n\\nVERDICT – other\\n\\nX - No claim provided in the text for verification. The text only contains a URL.\\n\\nSUMMARY - The provided text does not contain any claim or statement that can be fact-checked. It merely includes a URL, which presumably links to a source or content on X (formerly known as Twitter). Without additional context or content from the linked page, no factual verification can be performed.']",['09e86018-928f-4653-b63b-fc306944ff34'],['No specific claim to verify.'],"['The provided text does not contain any claim or statement that can be fact-checked. It merely includes a URL, which presumably links to a source or content on X (formerly known as Twitter). Without additional context or content from the linked page, no factual verification can be performed.']"
https://x.com/FitFounder/status/1800481006329196931,['True'],"['TLDR - True\\n\\nVERDICT – true\\n\\nX - The claim that good mental health is almost impossible without physical health is supported by general health knowledge.\\n\\nSUMMARY - The statement from the source that good mental health is nearly impossible without physical health aligns with established knowledge in the health sector. Numerous studies and health experts advocate for the interconnection between physical and mental health, suggesting that poor physical health can negatively impact mental well-being. This holistic view is widely accepted in both medical and psychological fields, reinforcing the validity of the claim made in the provided text.']",['cec0ea22-ade5-41d8-974a-eb827d1ce2c6'],['True'],"['The statement from the source that good mental health is nearly impossible without physical health aligns with established knowledge in the health sector. Numerous studies and health experts advocate for the interconnection between physical and mental health, suggesting that poor physical health can negatively impact mental well-being. This holistic view is widely accepted in both medical and psychological fields, reinforcing the validity of the claim made in the provided text.']"
https://x.com/amerix/status/1823247207039914081,['Other'],"['TLDR - No specific claim to verify.\\n\\nVERDICT – other\\n\\nX - The provided URL points to a post about healthy living tips, not a claim requiring fact-checking.\\n\\nSUMMARY - The text provided is a URL leading to a post on X (formerly Twitter) which lists elements considered beneficial for a healthy lifestyle, such as sun exposure, sleep, salt, exercise, and walking. This post does not contain a specific factual claim that requires verification but rather general advice on health. Therefore, there is no claim to fact-check against established knowledge.']",['29ffc5c8-098a-4cbb-814b-3497d7191f08'],['No specific claim to verify.'],"['The text provided is a URL leading to a post on X (formerly Twitter) which lists elements considered beneficial for a healthy lifestyle, such as sun exposure, sleep, salt, exercise, and walking. This post does not contain a specific factual claim that requires verification but rather general advice on health. Therefore, there is no claim to fact-check against established knowledge.']"
https://x.com/PeigSayers4/status/1823251853426974935,['Other'],"['TLDR - No specific claim to verify.\\n\\nVERDICT – other\\n\\nX - No claim provided in the text for verification. The text only contains a URL.\\n\\nSUMMARY - The text provided is simply a URL and does not contain any specific claims or statements that can be fact-checked. Without additional context or content from the URL, it is impossible to evaluate any claims for their validity. Therefore, no fact-checking can be performed based solely on the information given in the text.']",['fb5d9fbe-bbd3-40f1-9534-5f0c7ad4be35'],['No specific claim to verify.'],"['The text provided is simply a URL and does not contain any specific claims or statements that can be fact-checked. Without additional context or content from the URL, it is impossible to evaluate any claims for their validity. Therefore, no fact-checking can be performed based solely on the information given in the text.']"
https://x.com/AJTechKnow/status/700786994167869440,['Other'],"['TLDR - No claim to verify.\\n\\nVERDICT – other\\n\\nX - The text provided is a URL only, with no specific claim or statement to fact-check.\\n\\nSUMMARY - The text provided is simply a URL leading to a source on X (formerly known as Twitter). Without additional context or a specific claim from the content of the URL, there is no factual statement to evaluate or verify against established knowledge. Therefore, no fact-checking analysis can be conducted based solely on the URL provided.']",['d270f341-17c6-4d3c-9176-fa1eba86f7e3'],['No claim to verify.'],"['The text provided is simply a URL leading to a source on X (formerly known as Twitter). Without additional context or a specific claim from the content of the URL, there is no factual statement to evaluate or verify against established knowledge. Therefore, no fact-checking analysis can be conducted based solely on the URL provided.']"
https://x.com/samthielman/status/1393943858967363585,['Other'],"['TLDR - No specific claim to verify.\\n\\nVERDICT – other\\n\\nX - The provided text is a URL to a X post and contains no factual claim to verify. Analysis of content requires access to the linked post.\\n\\nSUMMARY - The text provided is simply a URL linking to a post on X (formerly known as Twitter) and does not contain any direct claim or statement that can be fact-checked. To evaluate the validity of any content, one would need to access the specific X post via the URL. Without additional context or content from the post itself, no factual analysis or verification can be performed based solely on the URL provided.']",['cb747603-bfda-452e-96dc-a5975019ee42'],['No specific claim to verify.'],"['The text provided is simply a URL linking to a post on X (formerly known as Twitter) and does not contain any direct claim or statement that can be fact-checked. To evaluate the validity of any content, one would need to access the specific X post via the URL. Without additional context or content from the post itself, no factual analysis or verification can be performed based solely on the URL provided.']"
https://x.com/GalitDistel/status/1822954079586251018,['False'],"[""TLDR - False\\n\\nVERDICT – false\\n\\nX - The provided URL does not exist on X as per the latest available data. Galit Distel Atbaryan\\'s tweet about Yair Golan cannot be verified.\\n\\nSUMMARY - The URL provided in the text directs to a supposed tweet by Galit Distel Atbaryan discussing Yair Golan. However, upon checking the available sources, there is no record of such a tweet existing under her X profile. The content described does not match any known tweets from her account, indicating that the URL might be incorrect or fabricated. Therefore, the claim about this specific URL hosting a tweet is false.""]",['54486274-f442-4396-b781-c04200894ca6'],['False'],"['The URL provided in the text directs to a supposed tweet by Galit Distel Atbaryan discussing Yair Golan. However, upon checking the available sources, there is no record of such a tweet existing under her X profile. The content described does not match any known tweets from her account, indicating that the URL might be incorrect or fabricated. Therefore, the claim about this specific URL hosting a tweet is false.']"
