https://x.com/FaithRubPol/status/1822466185138737388,FALSE,"LANGUAGE – English

TLDR - False

VERDICT – false

X - The tweet from a parody account @KamolaFarris claiming Trump used Celine Dion's song without consent is false. The account is not Kamala Harris's official account.

SUMMARY - The claim in the tweet is false as it originates from a parody account labeled ""@KamolaFarris,"" which is not the official Twitter account of Kamala Harris. The official account of Kamala Harris is ""@KamalaHarris."" Additionally, the tweet itself is marked as ""Parody,"" indicating that its content is not intended to be taken as factual. Therefore, any statements made within this tweet about Donald Trump using Celine Dion's song without permission should be regarded as fictional and part of the parody nature of the account.",77ad9995-f85d-4221-b9f5-a5d6e1e2ff09,FALSE,"The claim in the tweet is false as it originates from a parody account labeled ""@KamolaFarris,"" which is not the official Twitter account of Kamala Harris. The official account of Kamala Harris is ""@KamalaHarris."" Additionally, the tweet itself is marked as ""Parody,"" indicating that its content is not intended to be taken as factual. Therefore, any statements made within this tweet about Donald Trump using Celine Dion's song without permission should be regarded as fictional and part of the parody nature of the account."
https://x.com/celinedion/status/1822347994223587506,TRUE,"TLDR - True

VERDICT – true

X - Celine Dion's team confirmed the unauthorized use of ""My Heart Will Go On"" at a Trump/Vance rally. They do not endorse this use.

SUMMARY - The claim that Celine Dion's management and Sony Music Entertainment Canada Inc. were not aware of the unauthorized use of her performance at a Trump/Vance rally until recently is accurate. They have publicly stated that the use of her song and performance was unauthorized and emphasized their disapproval, highlighting that neither Celine Dion nor her team endorses such usage. This aligns with multiple reliable sources confirming the unauthorized use and the disapproval from Dion's team.",6d6f8d7b-fc04-4a16-8661-dd3014364675,TRUE,"The claim that Celine Dion's management and Sony Music Entertainment Canada Inc. were not aware of the unauthorized use of her performance at a Trump/Vance rally until recently is accurate. They have publicly stated that the use of her song and performance was unauthorized and emphasized their disapproval, highlighting that neither Celine Dion nor her team endorses such usage. This aligns with multiple reliable sources confirming the unauthorized use and the disapproval from Dion's team."
https://x.com/cb_doge/status/1822367060812599714,FALSE,"LANGUAGE – English

TLDR - False

VERDICT – false

X - The list of ""Top 12 News Apps"" in the USA AppStore's Grossing Category is not a standard category, and the link provided does not relate to the list's authenticity.

SUMMARY - The claim that there is a ""Top 12 News Apps"" list in the ""Grossing Category"" of the USA AppStore is misleading. The App Store does categorize apps by top free, paid, and grossing, but the specific categorization of news apps under a ""grossing"" category is not standard. Additionally, the inclusion of a link suggesting a reason for media targeting Elon Musk seems unrelated and does not provide evidence or context relevant to the authenticity of the app list. This appears to be an attempt to conflate unrelated topics, which misleads about the nature of the App Store's categorization and the content of the link provided.",da51d56f-e69f-4ef3-9966-c159865e7e4f,FALSE,"The claim that there is a ""Top 12 News Apps"" list in the ""Grossing Category"" of the USA AppStore is misleading. The App Store does categorize apps by top free, paid, and grossing, but the specific categorization of news apps under a ""grossing"" category is not standard. Additionally, the inclusion of a link suggesting a reason for media targeting Elon Musk seems unrelated and does not provide evidence or context relevant to the authenticity of the app list. This appears to be an attempt to conflate unrelated topics, which misleads about the nature of the App Store's categorization and the content of the link provided."
https://x.com/Terryyyvibez/status/1822324655497138492,FALSE,"LANGUAGE – English

TLDR - False

VERDICT – false

X - Claims about Kamala Harris' quote and Tyler Kay's imprisonment for copying a social media post are false. No records or credible sources support these statements.

SUMMARY - The text makes several claims, including a quote attributed to Kamala Harris and a story about an individual named Tyler Kay being imprisoned for copying a social media post. There is no credible evidence or record of Kamala Harris making the quoted statement on June 18, 2020, or at any other time. Additionally, the story about Tyler Kay's imprisonment for copying a post lacks verification from any reliable sources and does not align with known legal practices or precedents. The narrative presented in the text appears to be fabricated or significantly distorted, leading to the conclusion that the claims are false.",1f4c83bf-40f8-4951-9708-751022b79be9,FALSE,"The text makes several claims, including a quote attributed to Kamala Harris and a story about an individual named Tyler Kay being imprisoned for copying a social media post. There is no credible evidence or record of Kamala Harris making the quoted statement on June 18, 2020, or at any other time. Additionally, the story about Tyler Kay's imprisonment for copying a post lacks verification from any reliable sources and does not align with known legal practices or precedents. The narrative presented in the text appears to be fabricated or significantly distorted, leading to the conclusion that the claims are false."https://x.com/FaithRubPol/status/1822466185138737388,False,"LANGUAGE – English

TLDR - False

VERDICT – false

X - The tweet from ""Kamala Harris"" is labeled as ""Parody"" and the account handle is misspelled. It's not a genuine statement from the Vice President.

SUMMARY - The claim in the text that Kamala Harris tweeted about Trump using Celine Dion's song from Titanic without permission is false. The screenshot is identified as a parody, and the account handle ""@KamolaFarris"" is a misspelling of Kamala Harris's real Twitter handle. Additionally, the tweet is labeled as ""Parody,"" indicating it is not meant to be taken as factual. This is a fictional representation and not an actual event or statement made by Kamala Harris.",16d09358-b9c9-4600-8e1c-86843beb2002,False,"The claim in the text that Kamala Harris tweeted about Trump using Celine Dion's song from Titanic without permission is false. The screenshot is identified as a parody, and the account handle ""@KamolaFarris"" is a misspelling of Kamala Harris's real Twitter handle. Additionally, the tweet is labeled as ""Parody,"" indicating it is not meant to be taken as factual. This is a fictional representation and not an actual event or statement made by Kamala Harris."
https://x.com/mmpadellan/status/1821856449003450650,False,"LANGUAGE – English

TLDR - False

VERDICT – false

X - The claim that Kamala Harris's speech at UAW indicates she will be the next president is speculative and not factual.

SUMMARY - The text expresses a personal opinion or prediction stating that Kamala Harris will be the next president following her speech at the UAW. This statement is speculative and cannot be verified as fact. The future political outcomes such as election results cannot be predetermined from a single event or speech. Therefore, the claim that this ensures Kamala Harris will be the next president is false.",e9e693b8-99ed-491d-9d92-7057925ac3b5,False,"The text expresses a personal opinion or prediction stating that Kamala Harris will be the next president following her speech at the UAW. This statement is speculative and cannot be verified as fact. The future political outcomes such as election results cannot be predetermined from a single event or speech. Therefore, the claim that this ensures Kamala Harris will be the next president is false."
https://x.com/maddenifico/status/1822495703068758103,False,"LANGUAGE – English

TLDR - False

VERDICT – false

X - Claims that Trump's plane was diverted due to unpaid bills are false. The diversion was caused by a mechanical issue, as confirmed by multiple sources.

SUMMARY - The claim that former President Donald Trump's plane was diverted to another airport due to unpaid bills when he attempted to land for his rally in Bozeman, Montana, is false. Multiple credible sources, including CBS News and The Washington Post, have reported that the diversion was due to a mechanical issue. There is no evidence to support the claim that the diversion was related to unpaid bills or that the airport refused landing permission for such reasons.",d8f632b2-faae-4a8b-b548-92b9bc486aa1,False,"The claim that former President Donald Trump's plane was diverted to another airport due to unpaid bills when he attempted to land for his rally in Bozeman, Montana, is false. Multiple credible sources, including CBS News and The Washington Post, have reported that the diversion was due to a mechanical issue. There is no evidence to support the claim that the diversion was related to unpaid bills or that the airport refused landing permission for such reasons."
https://x.com/maddenifico/status/1822495703068758103,False,"LANGUAGE – English

TLDR - False

VERDICT – false

X - Claims that Trump's plane was diverted due to unpaid bills are false. The diversion was due to a mechanical issue, as confirmed by multiple sources.

SUMMARY - The claim that Donald Trump's plane was diverted to another airport during his attempt to land for a rally in Bozeman, Montana due to unpaid bills is false. According to reliable sources, including news reports from CBS News, AP News, and The Washington Post, the plane was diverted due to a mechanical issue, not financial disputes with the airport. This misinformation appears to be a fabricated narrative not supported by any evidence from credible sources.",2a72dda3-1a1f-4836-9740-e73ea3856975,False,"The claim that Donald Trump's plane was diverted to another airport during his attempt to land for a rally in Bozeman, Montana due to unpaid bills is false. According to reliable sources, including news reports from CBS News, AP News, and The Washington Post, the plane was diverted due to a mechanical issue, not financial disputes with the airport. This misinformation appears to be a fabricated narrative not supported by any evidence from credible sources."
https://x.com/mmpadellan/status/1822455810804285486,False,"LANGUAGE – English

TLDR - False

VERDICT – false

X - Claim that the abortion issue is not a big deal to voters is false. Polls and studies consistently show it's a significant concern for many voters.

SUMMARY - The statement that the abortion issue is not a big deal to voters, attributed to Trump during a supposed mental breakdown, is false. Numerous polls and research studies have consistently indicated that abortion is a significant issue for a large segment of the electorate. It influences voting behavior and is a central topic in many political campaigns and debates, reflecting its importance to voters. This issue remains a deeply polarizing and pivotal topic in U.S. politics.",60011268-0651-48f3-baf9-bd8937c1fc33,False,"The statement that the abortion issue is not a big deal to voters, attributed to Trump during a supposed mental breakdown, is false. Numerous polls and research studies have consistently indicated that abortion is a significant issue for a large segment of the electorate. It influences voting behavior and is a central topic in many political campaigns and debates, reflecting its importance to voters. This issue remains a deeply polarizing and pivotal topic in U.S. politics."
https://x.com/krassenstein/status/1822420602059202936,False,"LANGUAGE – English

TLDR - False

VERDICT – false

X - Claims that Kamala Harris refuses to take questions and is afraid of public scrutiny are false. She actively engaged with the media and answered questions effectively.

SUMMARY - The claim that Vice President Kamala Harris refuses to take questions or is afraid to be in the public's eye is false. Contrary to these assertions, there is evidence that she has actively participated in public events where she took several questions and responded effectively. This includes a recent instance in Arizona, as noted in the text. Such misinformation may stem from political biases or misrepresentations, but the factual evidence supports that Harris is neither avoiding questions nor shying away from public engagements.",2329ee62-284f-453d-98f7-d09cc77a8964,False,"The claim that Vice President Kamala Harris refuses to take questions or is afraid to be in the public's eye is false. Contrary to these assertions, there is evidence that she has actively participated in public events where she took several questions and responded effectively. This includes a recent instance in Arizona, as noted in the text. Such misinformation may stem from political biases or misrepresentations, but the factual evidence supports that Harris is neither avoiding questions nor shying away from public engagements."
https://x.com/EdKrassen/status/1822301850223202654,False,"LANGUAGE – English

TLDR - False

VERDICT – false

X - Taylor Swift criticized Trump, but he is not a convicted felon. The claim in the text is misleading.

SUMMARY - The text implies that Donald Trump is a convicted felon, which is not accurate based on current knowledge. While Taylor Swift has publicly criticized Trump's policies and leadership, referring to his presidency as an ""autocracy,"" there is no record of Trump being legally recognized as a convicted felon. The statement about voting for a convicted felon is therefore misleading and factually incorrect.",aadd48bb-afb0-49be-90c3-daefaf9b6f32,False,"The text implies that Donald Trump is a convicted felon, which is not accurate based on current knowledge. While Taylor Swift has publicly criticized Trump's policies and leadership, referring to his presidency as an ""autocracy,"" there is no record of Trump being legally recognized as a convicted felon. The statement about voting for a convicted felon is therefore misleading and factually incorrect."
https://x.com/celinedion/status/1822347994223587506,True,"LANGUAGE – English

TLDR - True

VERDICT – true

X - Celine Dion's team & Sony Music confirmed unauthorized use of ""My Heart Will Go On"" at a Trump/Vance rally. They do not endorse this use.

SUMMARY - The claim that Celine Dion's management team and Sony Music Entertainment Canada Inc. were unaware of and did not authorize the use of her performance at a political rally is consistent with standard practices in the music industry. Artists and their representatives typically must authorize the use of their work in public or political settings. The statement from Dion's team and the record label fits with their rights to control where and how her music is used, emphasizing that they do not endorse the use of her song in this context. The rhetorical question at the end underscores their surprise or disapproval of the song choice for such an event.",cf1f1af4-7433-4573-a91c-1f17bfa65c77,True,"The claim that Celine Dion's management team and Sony Music Entertainment Canada Inc. were unaware of and did not authorize the use of her performance at a political rally is consistent with standard practices in the music industry. Artists and their representatives typically must authorize the use of their work in public or political settings. The statement from Dion's team and the record label fits with their rights to control where and how her music is used, emphasizing that they do not endorse the use of her song in this context. The rhetorical question at the end underscores their surprise or disapproval of the song choice for such an event."
https://x.com/cb_doge/status/1822367060812599714,False,"LANGUAGE – English

TLDR - False. The list of apps and their description as top grossing news apps is plausible, but the claim about Elon Musk being targeted by the media is unrelated and unsupported by the list.

VERDICT – false

X - The list of ""Top 12 News Apps"" could be accurate, but the claim linking it to media targeting Elon Musk is unsupported and misleading. #factcheck #newsapps

SUMMARY - The text provides a list of what it claims are the ""Top 12 News Apps"" from the USA AppStore under the ""Grossing Category."" While the apps listed, such as The New York Times, The Wall Street Journal, and others, are indeed popular and could plausibly be top-grossing based on their widespread use and reputation, the list itself cannot be verified without real-time AppStore data. Moreover, the claim at the end of the text suggesting a reason why Elon Musk is targeted by the media is completely unrelated to the list of apps and lacks any supporting evidence within the text. This makes the claim speculative and not based on the information provided in the list.",0db94735-c454-4af5-8ba0-4177929f756f,"False. The list of apps and their description as top grossing news apps is plausible, but the claim about Elon Musk being targeted by the media is unrelated and unsupported by the list.","The text provides a list of what it claims are the ""Top 12 News Apps"" from the USA AppStore under the ""Grossing Category."" While the apps listed, such as The New York Times, The Wall Street Journal, and others, are indeed popular and could plausibly be top-grossing based on their widespread use and reputation, the list itself cannot be verified without real-time AppStore data. Moreover, the claim at the end of the text suggesting a reason why Elon Musk is targeted by the media is completely unrelated to the list of apps and lacks any supporting evidence within the text. This makes the claim speculative and not based on the information provided in the list."
https://x.com/Brettbenraphael/status/1822273456374796571,False,"LANGUAGE – English

TLDR - False

VERDICT – false

X - The claim that a Muslim man in the UK was spared prison for rape because he didn't know it was illegal is false. No credible sources support this story.

SUMMARY - The claim presented in the screenshot of a news article stating that a Muslim man was allowed to walk free after raping a 13-year-old because he was unaware that rape was illegal is false. There is no credible evidence or legal precedent in the UK that supports the notion that ignorance of such a serious crime as rape would be a valid legal defense or result in the absence of a prison sentence. The UK legal system does not allow ignorance of the law as a defense against criminal charges, especially for severe crimes like rape. This story likely stems from misinformation or misinterpretation of legal proceedings.",96e1e888-2454-4466-8e79-6465a65fae3a,False,"The claim presented in the screenshot of a news article stating that a Muslim man was allowed to walk free after raping a 13-year-old because he was unaware that rape was illegal is false. There is no credible evidence or legal precedent in the UK that supports the notion that ignorance of such a serious crime as rape would be a valid legal defense or result in the absence of a prison sentence. The UK legal system does not allow ignorance of the law as a defense against criminal charges, especially for severe crimes like rape. This story likely stems from misinformation or misinterpretation of legal proceedings."
https://x.com/KarlMartinIrl/status/1822414049704820946,True,"LANGUAGE – English

TLDR - True

VERDICT – true

X - A teacher from Batley, England has been in hiding since 2021 after showing a caricature of the Prophet Muhammad, sparking protests.

SUMMARY - The claim that the Batley school teacher in England has been in hiding since 2021 due to threats following his curriculum teaching methods is accurate. The teacher showed a caricature of the Prophet Muhammad during a lesson, which led to significant public outcry and protests by some Muslim groups. This incident has indeed resulted in the teacher and his family going into hiding for their safety, reflecting the sensitive nature of religious depictions in educational settings.",2a28e12e-c0fe-4be9-9408-aa39ea0dbf1e,True,"The claim that the Batley school teacher in England has been in hiding since 2021 due to threats following his curriculum teaching methods is accurate. The teacher showed a caricature of the Prophet Muhammad during a lesson, which led to significant public outcry and protests by some Muslim groups. This incident has indeed resulted in the teacher and his family going into hiding for their safety, reflecting the sensitive nature of religious depictions in educational settings."
https://x.com/higgyboson/status/1822401818615300380,False,"LANGUAGE – English

TLDR - False

VERDICT – false

X - The claim that the man in the photo is using criminal actions to shut down debate and is a coward, liar, traitor, and enemy is unsubstantiated and lacks context.

SUMMARY - The provided text makes several serious accusations against the individual in the photograph, including calling him a coward, liar, traitor, and enemy of the country. These claims are highly subjective and inflammatory. Without specific context or evidence to substantiate these allegations, such as details of the actions or statements by the individual that would justify these labels, these claims cannot be verified as true. Therefore, the accusations appear to be based on personal opinion or bias rather than established facts.",f14859c2-d43e-479f-8490-cf58c04e1ac9,False,"The provided text makes several serious accusations against the individual in the photograph, including calling him a coward, liar, traitor, and enemy of the country. These claims are highly subjective and inflammatory. Without specific context or evidence to substantiate these allegations, such as details of the actions or statements by the individual that would justify these labels, these claims cannot be verified as true. Therefore, the accusations appear to be based on personal opinion or bias rather than established facts."
https://x.com/PoetLex5298/status/1822367271534346261,Other,"LANGUAGE – English

TLDR - The description of the historical marker seems plausible but the tweet by @MrAndyNgo is unrelated and its claim cannot be directly verified.

VERDICT – other

X - Historical marker description sounds typical for DAR, but @MrAndyNgo's tweet about guns and freedom is an opinion, not a verifiable fact.

SUMMARY - The description of the historical marker titled ""REVOLUTIONARY WAR PATRIOTS"" presented by the Alexander Martin Chapter of the Daughters of the American Revolution in 2009 aligns with typical activities of the DAR, such as commemorating individuals who participated in the American Revolution. The details about the marker's physical appearance and location seem plausible and typical for such markers. However, the tweet attributed to @MrAndyNgo discussing the consequences of giving up guns and linking it to freedom is an expression of opinion. This part of the text does not present a verifiable fact but rather a personal viewpoint, making it impossible to fact-check directly against established knowledge.",bcb21dc6-7a3d-48fa-b75a-b063ed416255,The description of the historical marker seems plausible but the tweet by @MrAndyNgo is unrelated and its claim cannot be directly verified.,"The description of the historical marker titled ""REVOLUTIONARY WAR PATRIOTS"" presented by the Alexander Martin Chapter of the Daughters of the American Revolution in 2009 aligns with typical activities of the DAR, such as commemorating individuals who participated in the American Revolution. The details about the marker's physical appearance and location seem plausible and typical for such markers. However, the tweet attributed to @MrAndyNgo discussing the consequences of giving up guns and linking it to freedom is an expression of opinion. This part of the text does not present a verifiable fact but rather a personal viewpoint, making it impossible to fact-check directly against established knowledge."
https://x.com/Terryyyvibez/status/1822324655497138492,False,"LANGUAGE – English

TLDR - False

VERDICT – false

X - Claim that Tyler Kay was jailed for copying a post on X is false. No evidence supports such harsh penalties for merely copying social media content in the UK.

SUMMARY - The claim that Tyler Kay was sentenced to 38 months in prison for merely copying a post on X is false. UK laws, including the Public Order Act 1986 and the Communications Act 2003, do address the incitement of violence and hate speech, but there is no evidence to suggest that such severe penalties would be applied merely for copying a social media post. These laws are generally used to prosecute cases involving serious threats, harassment, or incitement to violence, not simple content sharing or copying.",e40c3142-bb5d-449f-8ede-eb4655711d25,False,"The claim that Tyler Kay was sentenced to 38 months in prison for merely copying a post on X is false. UK laws, including the Public Order Act 1986 and the Communications Act 2003, do address the incitement of violence and hate speech, but there is no evidence to suggest that such severe penalties would be applied merely for copying a social media post. These laws are generally used to prosecute cases involving serious threats, harassment, or incitement to violence, not simple content sharing or copying."
https://x.com/WorldHallOfFun/status/1822327609696354494,False,"LANGUAGE – English

TLDR - False

VERDICT – false

X - False claim: Tyler Kay was not sentenced to 38 months for copying a post on X. UK law does not impose such severe penalties for merely copying social media posts.

SUMMARY - The claim that Tyler Kay was sentenced to 38 months in prison for copying a post on X is false. In the UK, the laws governing online communication, specifically the Public Order Act 1986 and the Communications Act 2003, focus on preventing messages that are grossly offensive, indecent, obscene, or threatening. While these laws can lead to legal action against individuals for their online activities, the scenario described, where someone receives a prison sentence merely for copying a social media post, is highly unlikely and not supported by the typical application of these laws.",29cc9723-4bca-4bac-919d-9efeb8a36164,False,"The claim that Tyler Kay was sentenced to 38 months in prison for copying a post on X is false. In the UK, the laws governing online communication, specifically the Public Order Act 1986 and the Communications Act 2003, focus on preventing messages that are grossly offensive, indecent, obscene, or threatening. While these laws can lead to legal action against individuals for their online activities, the scenario described, where someone receives a prison sentence merely for copying a social media post, is highly unlikely and not supported by the typical application of these laws."
https://x.com/Teagan1776/status/1821329325724963237,False,"LANGUAGE – English

TLDR - False

VERDICT – false

X - Claims that Kamala/Walz used AI to simulate a crowd at a rally are unfounded. No credible evidence supports this assertion.

SUMMARY - The claim that Kamala Harris and Tim Walz used artificial intelligence to create a fake crowd at a rally is not supported by any credible evidence. Such allegations typically require substantial proof, such as official statements, verified eyewitness accounts, or credible media reports, none of which are present in this case. Misinformation around political figures and events is common, and without concrete evidence, this claim is deemed false.",55fcfce4-e150-4eb6-a098-87d681be5695,False,"The claim that Kamala Harris and Tim Walz used artificial intelligence to create a fake crowd at a rally is not supported by any credible evidence. Such allegations typically require substantial proof, such as official statements, verified eyewitness accounts, or credible media reports, none of which are present in this case. Misinformation around political figures and events is common, and without concrete evidence, this claim is deemed false."
https://x.com/stevegrubershow/status/1821592213354061881,False,"LANGUAGE – English

TLDR - False

VERDICT – false

X - Donald Trump's tweet about rally sizes & media bias is fictional. No evidence supports these specific claims or the existence of this tweet.

SUMMARY - The claim in the screenshot of a tweet from Donald J. Trump criticizing media response to political rally crowd sizes and accusing the media of bias is false. There is no record or evidence of such a tweet existing. Additionally, Trump's Twitter account has been permanently suspended, making it impossible for new tweets to be posted from his account. The content and style of the tweet also do not align with verified records or credible sources. Thus, the tweet described is fabricated and not a genuine post by Donald Trump.",413eab4e-6de0-406e-a305-99d5bd6c37e6,False,"The claim in the screenshot of a tweet from Donald J. Trump criticizing media response to political rally crowd sizes and accusing the media of bias is false. There is no record or evidence of such a tweet existing. Additionally, Trump's Twitter account has been permanently suspended, making it impossible for new tweets to be posted from his account. The content and style of the tweet also do not align with verified records or credible sources. Thus, the tweet described is fabricated and not a genuine post by Donald Trump."
https://x.com/jakeshieldsajj/status/1822366559379284206,False,"LANGUAGE – English

TLDR - False

VERDICT – false

X - Claim that Harris is using AI to fake crowd size is unsubstantiated. No credible evidence supports this assertion.

SUMMARY - The claim that Kamala Harris is using artificial intelligence to fake crowd sizes at her events is false. There is no credible evidence or verified information to support this assertion. The description of the photograph does not provide any factual basis for such a claim, and it appears to be speculative without any substantial proof. Misrepresenting crowd sizes in political contexts is a sensitive issue, but accusations require concrete evidence, which is lacking in this case.",b2f33869-18d0-432c-97e2-669a325204af,False,"The claim that Kamala Harris is using artificial intelligence to fake crowd sizes at her events is false. There is no credible evidence or verified information to support this assertion. The description of the photograph does not provide any factual basis for such a claim, and it appears to be speculative without any substantial proof. Misrepresenting crowd sizes in political contexts is a sensitive issue, but accusations require concrete evidence, which is lacking in this case."
https://x.com/Kanthan2030/status/1728709878183780693,False,"LANGUAGE – English

TLDR - False

VERDICT – false

X - Claims that Google's AI declared US moon landing media fake are false. No credible source or evidence supports this assertion.

SUMMARY - The claim that Google's AI has stated that the US moon landing photos and videos are fake is unfounded and false. There is no evidence or credible source to support the assertion that Google's AI has made such a statement. The US moon landings have been well-documented and verified by numerous sources over the decades. The additional mention of Putin's reaction and the suggestion of America fabricating stories are speculative and do not contribute to the authenticity of the claim.",8da020b2-e6ec-4fbb-8031-43f95b751ad3,False,The claim that Google's AI has stated that the US moon landing photos and videos are fake is unfounded and false. There is no evidence or credible source to support the assertion that Google's AI has made such a statement. The US moon landings have been well-documented and verified by numerous sources over the decades. The additional mention of Putin's reaction and the suggestion of America fabricating stories are speculative and do not contribute to the authenticity of the claim.
https://x.com/WallStreetApes/status/1817233182464549280,False,"LANGUAGE – English

TLDR - False

VERDICT – false

X - Claim about a Democrat-made AI video of Trump insulting voters is false. No evidence supports the creation or dissemination of such a video by Democrats.

SUMMARY - The claim that Democrats created an AI-generated video of Donald Trump insulting his voters, which garnered significant attention online, is unsubstantiated. There is no credible evidence or reports confirming the existence or release of such a video by Democratic entities. The assertion appears to be a part of misinformation or rumor without any factual basis.",02d88627-4fa7-4900-a650-e747c1f1e640,False,"The claim that Democrats created an AI-generated video of Donald Trump insulting his voters, which garnered significant attention online, is unsubstantiated. There is no credible evidence or reports confirming the existence or release of such a video by Democratic entities. The assertion appears to be a part of misinformation or rumor without any factual basis."
https://x.com/WallStreetApes/status/1817233182464549280,False,"LANGUAGE – English

TLDR - False

VERDICT – false

X - The claim that Democrats made an AI video of Trump insulting his voters is false. No credible sources confirm this specific incident.

SUMMARY - The claim that Democrats created an AI-generated video of Donald Trump making derogatory remarks about his voters and that it has gained significant traction online is false. There is no evidence from credible sources to support the assertion that such a video was produced or circulated by Democrats. While AI-generated content has been used in various contexts, this specific claim lacks verification and factual support from reliable news outlets or other authoritative sources.",e151d575-67f5-4b06-85e2-55aff32d7af6,False,"The claim that Democrats created an AI-generated video of Donald Trump making derogatory remarks about his voters and that it has gained significant traction online is false. There is no evidence from credible sources to support the assertion that such a video was produced or circulated by Democrats. While AI-generated content has been used in various contexts, this specific claim lacks verification and factual support from reliable news outlets or other authoritative sources."
https://x.com/WallStreetApes/status/1817233182464549280,False,"LANGUAGE – English

TLDR - False

VERDICT – false

X - Claims of a Democrat-created AI video of Trump insulting voters are unfounded. No credible sources confirm this specific incident.

SUMMARY - The claim that Democrats created an extremely convincing AI-generated video of Donald Trump making insulting remarks about his voters, which garnered significant social media traction, lacks substantiation from credible sources. Recent discussions around AI-generated content in politics focus on various instances, but there is no specific evidence or credible reporting supporting the existence of this particular video as described in the claim. Thus, without verifiable sources or further evidence, this claim is considered false.",7b3ce75c-40e6-4ef9-8e8c-a6332d032fb5,False,"The claim that Democrats created an extremely convincing AI-generated video of Donald Trump making insulting remarks about his voters, which garnered significant social media traction, lacks substantiation from credible sources. Recent discussions around AI-generated content in politics focus on various instances, but there is no specific evidence or credible reporting supporting the existence of this particular video as described in the claim. Thus, without verifiable sources or further evidence, this claim is considered false."
https://x.com/kgbbest/status/1822598466474016878,Other,"LANGUAGE – English

TLDR - Mixed accuracy: Some statements align with known facts, while others are misleading or lack context.

VERDICT – other

X - Mixed accuracy in the graphic: IOC support is true, IBA's statement on Taiwan is false, Yildiz's gesture & Lin's eligibility are misrepresented.

SUMMARY - The graphic contains a mix of accurate and misleading statements. The IOC has indeed supported Lin Yu-ting's participation, aligning with the first claim. However, the IBA's statement about Taiwan being part of China during a press conference about Lin's eligibility is not supported by available evidence, making the second statement misleading. The third statement is an opinion. The fourth claim about Esra Yildiz making an 'X' symbol is not corroborated by available sources and seems to be misrepresented. The fifth statement reflects a supportive sentiment from Taiwanese people towards Lin Yu-ting, which aligns with public reactions seen in various news sources. The tweet by Piers Morgan contains inaccuracies regarding the reasons for the ban from the World Championships, which was related to gender eligibility issues, not testing positive for male chromosomes.",e14a7796-c727-4ca4-a22e-b4de68a89837,"Mixed accuracy: Some statements align with known facts, while others are misleading or lack context.","The graphic contains a mix of accurate and misleading statements. The IOC has indeed supported Lin Yu-ting's participation, aligning with the first claim. However, the IBA's statement about Taiwan being part of China during a press conference about Lin's eligibility is not supported by available evidence, making the second statement misleading. The third statement is an opinion. The fourth claim about Esra Yildiz making an 'X' symbol is not corroborated by available sources and seems to be misrepresented. The fifth statement reflects a supportive sentiment from Taiwanese people towards Lin Yu-ting, which aligns with public reactions seen in various news sources. The tweet by Piers Morgan contains inaccuracies regarding the reasons for the ban from the World Championships, which was related to gender eligibility issues, not testing positive for male chromosomes."
https://x.com/MusashiBonMot/status/1822597884774085101,False,"LANGUAGE – English

TLDR - False

VERDICT – false

X - The claim that the poll results are fake is false. Recent polls show Harris and Trump closely tied in key states, consistent with the described ratings.

SUMMARY - The assertion that the poll results showing favorability ratings for Harris and Trump are fake is not supported by evidence. Recent polling data from reputable sources, including Fox News, show that both Harris and Trump have closely contested favorability ratings in key states such as Wisconsin, Pennsylvania, and Michigan. The described percentages in the claim are plausible and align with the trends observed in various polls leading up to the 2024 presidential election, indicating that the poll results are likely legitimate and not fabricated.",ef2f13c8-dd59-4006-a505-ad66fe1e4d54,False,"The assertion that the poll results showing favorability ratings for Harris and Trump are fake is not supported by evidence. Recent polling data from reputable sources, including Fox News, show that both Harris and Trump have closely contested favorability ratings in key states such as Wisconsin, Pennsylvania, and Michigan. The described percentages in the claim are plausible and align with the trends observed in various polls leading up to the 2024 presidential election, indicating that the poll results are likely legitimate and not fabricated."
https://x.com/Pierre_B_44000/status/1822594560070947123,False,"LANGUAGE – French

TLDR - Faux.

VERDICT – false

X - La revendication que les radiographes britanniques doivent demander à tous les hommes s'ils sont enceintes avant une radiographie est fausse. Aucune directive officielle de ce type n'a été publiée.

SUMMARY - L'affirmation selon laquelle les radiographes britanniques doivent demander à tous les hommes s'ils sont enceints avant de procéder à une radiographie semble être une exagération ou une mauvaise interprétation des directives actuelles. En réalité, les protocoles de sécurité en radiologie exigent que les praticiens posent des questions sur la possibilité de grossesse aux patients susceptibles de l'être, indépendamment de leur genre, pour éviter tout risque potentiel pour un fœtus. Cependant, il n'existe aucune directive spécifique qui oblige les radiographes à demander systématiquement à tous les hommes s'ils sont enceints. Cette affirmation semble donc être fausse ou basée sur une compréhension incorrecte des procédures médicales standard.",87da44c9-909f-4b1c-b182-50f361bdab8c,Faux.,"L'affirmation selon laquelle les radiographes britanniques doivent demander à tous les hommes s'ils sont enceints avant de procéder à une radiographie semble être une exagération ou une mauvaise interprétation des directives actuelles. En réalité, les protocoles de sécurité en radiologie exigent que les praticiens posent des questions sur la possibilité de grossesse aux patients susceptibles de l'être, indépendamment de leur genre, pour éviter tout risque potentiel pour un fœtus. Cependant, il n'existe aucune directive spécifique qui oblige les radiographes à demander systématiquement à tous les hommes s'ils sont enceints. Cette affirmation semble donc être fausse ou basée sur une compréhension incorrecte des procédures médicales standard."
https://x.com/RavynSkye1/status/1822613041529205231,False,"LANGUAGE – English

TLDR - False

VERDICT – false

X - The claim that the image is fake is incorrect. It's a real photo from a livestream at Stelco in Hamilton, Ontario, not a staged or altered image.

SUMMARY - The claim that the photograph is fake is incorrect. The image is indeed from a livestream event at Stelco, a major Canadian steel company located in Hamilton, Ontario. The presence of a large Canadian flag at such an event is plausible, especially in a context emphasizing national employment and industry, contrary to the assertion that it is unusual for workplaces in Canada to display large flags. The text on the podium, ""BRING HOME OUR JOBS,"" aligns with themes typical of industrial or employment-focused events, further supporting the authenticity of the setting and the event. The accusations of fakeness regarding the setting and elements in the image are unfounded.",0e90bd38-378d-4657-9b05-f732b93f80d7,False,"The claim that the photograph is fake is incorrect. The image is indeed from a livestream event at Stelco, a major Canadian steel company located in Hamilton, Ontario. The presence of a large Canadian flag at such an event is plausible, especially in a context emphasizing national employment and industry, contrary to the assertion that it is unusual for workplaces in Canada to display large flags. The text on the podium, ""BRING HOME OUR JOBS,"" aligns with themes typical of industrial or employment-focused events, further supporting the authenticity of the setting and the event. The accusations of fakeness regarding the setting and elements in the image are unfounded."
https://x.com/Fredcrim1/status/1822613020918284317,Other,"LANGUAGE – French

TLDR - Le document semble crédible, mais l'affirmation sur Twitter est probablement fausse.

VERDICT – other

X - Le document sur Mme SALDMANN semble plausible, mais le tweet cité semble être une fausse nouvelle, car il mélange des contextes non liés.

SUMMARY - Le document décrit semble être un texte légal plausible concernant une sanction imposée à une avocate nommée Madame Sarah SALDMANN pour non-respect des principes éthiques de la profession. Cependant, le tweet de @CNEWS mentionnant une déclaration de Sarah Saldmann sur la sécurité à Paris pendant les Jeux Olympiques de 2024 semble être une fausse nouvelle ou une erreur. Il est improbable que ces deux éléments soient liés de manière crédible, car ils traitent de sujets très différents et le contexte du tweet semble fabriqué ou sorti de son contexte original.",18d4c11e-aab7-46a8-a58e-455f4ffd00d1,"Le document semble crédible, mais l'affirmation sur Twitter est probablement fausse.","Le document décrit semble être un texte légal plausible concernant une sanction imposée à une avocate nommée Madame Sarah SALDMANN pour non-respect des principes éthiques de la profession. Cependant, le tweet de @CNEWS mentionnant une déclaration de Sarah Saldmann sur la sécurité à Paris pendant les Jeux Olympiques de 2024 semble être une fausse nouvelle ou une erreur. Il est improbable que ces deux éléments soient liés de manière crédible, car ils traitent de sujets très différents et le contexte du tweet semble fabriqué ou sorti de son contexte original."
https://x.com/Buz108/status/1822612994490261749,False,"LANGUAGE – English

TLDR - False

VERDICT – false

X - Claims about Rahul Gandhi's involvement with a Bangladesh regime change and a plot against Indian investors are unfounded and lack credible evidence.

SUMMARY - The text makes several controversial claims regarding Rahul Gandhi, suggesting his involvement with international conspiracies, including suppressing news about a regime change in Bangladesh and a genocide of Hindus, and manipulating financial reports to harm Indian investors. These claims are serious and would require substantial evidence to be considered credible. However, there is no verified information or credible sources that support these accusations. Such assertions often stem from political bias or misinformation and should be approached with skepticism unless backed by concrete evidence.",169feb43-ef9a-487a-8f64-2965cfdcf94e,False,"The text makes several controversial claims regarding Rahul Gandhi, suggesting his involvement with international conspiracies, including suppressing news about a regime change in Bangladesh and a genocide of Hindus, and manipulating financial reports to harm Indian investors. These claims are serious and would require substantial evidence to be considered credible. However, there is no verified information or credible sources that support these accusations. Such assertions often stem from political bias or misinformation and should be approached with skepticism unless backed by concrete evidence."
https://x.com/tampa_npa/status/1822612949417984356,False,"LANGUAGE – English

TLDR - False. The claim that the use of Celine Dion's song at a Trump rally was unauthorized is true, based on the singer's statement.

VERDICT – false

X - False claim: Celine Dion did not authorize the use of her song at a Trump rally, as confirmed by her statement. The accusation of it being fake is incorrect.

SUMMARY - The text includes a claim that the use of Celine Dion’s song at a Trump rally and her subsequent disapproval is fabricated for propaganda. However, this is contradicted by a statement from Celine Dion herself, confirming that the use of her song ""My Heart Will Go On"" was unauthorized and that she does not endorse its use at the rally. Therefore, the assertion that the event and Dion's disapproval are edited lies aimed at smearing the campaign is false.",e2688192-f2ac-43ad-b43a-e9ca086e1edd,"False. The claim that the use of Celine Dion's song at a Trump rally was unauthorized is true, based on the singer's statement.","The text includes a claim that the use of Celine Dion’s song at a Trump rally and her subsequent disapproval is fabricated for propaganda. However, this is contradicted by a statement from Celine Dion herself, confirming that the use of her song ""My Heart Will Go On"" was unauthorized and that she does not endorse its use at the rally. Therefore, the assertion that the event and Dion's disapproval are edited lies aimed at smearing the campaign is false."
https://x.com/ANaznin8913/status/1822612936118198351,False,"LANGUAGE – English

TLDR - False

VERDICT – false

X - The claim that Jennie didn't trend and only charted due to ""Thai bots"" is false. Jennie is a globally recognized artist and frequently trends worldwide.

SUMMARY - The claim in the social media post suggesting that Jennie from BLACKPINK did not trend and only charted due to ""Thai bots"" is false. Jennie, as a member of BLACKPINK, has a significant global following and her activities, including song releases and public appearances, often trend worldwide. The assertion that her popularity or chart success is solely due to manipulative practices like ""payola"" or bot activity lacks evidence and contradicts the established global popularity and influence of BLACKPINK and its members. Additionally, the post's derogatory tone and lack of substantial proof further undermine the credibility of the claim.",ecc9a158-125c-490b-9528-45571802228f,False,"The claim in the social media post suggesting that Jennie from BLACKPINK did not trend and only charted due to ""Thai bots"" is false. Jennie, as a member of BLACKPINK, has a significant global following and her activities, including song releases and public appearances, often trend worldwide. The assertion that her popularity or chart success is solely due to manipulative practices like ""payola"" or bot activity lacks evidence and contradicts the established global popularity and influence of BLACKPINK and its members. Additionally, the post's derogatory tone and lack of substantial proof further undermine the credibility of the claim."
https://x.com/A88998522/status/1822612936067518884,False,"LANGUAGE – English

TLDR - False

VERDICT – false

X - The claim that Elon Musk incites violence and spreads misinformation about Venezuela is unfounded and lacks credible evidence. #FactCheck

SUMMARY - The text contains several claims about Elon Musk that are not supported by credible evidence. It accuses him of inciting violence against people of color and spreading misinformation about Venezuela's elections, as well as being influenced by Benjamin Netanyahu. These are serious accusations that require substantial proof, which is not provided in the text. Additionally, the description of the social media profile and its features seems plausible but is irrelevant to the validity of the accusations made against Musk. The call to block Musk on Twitter based on these claims is therefore based on unverified assertions.",e3b75c6b-6426-43d0-b6f6-97206d2753da,False,"The text contains several claims about Elon Musk that are not supported by credible evidence. It accuses him of inciting violence against people of color and spreading misinformation about Venezuela's elections, as well as being influenced by Benjamin Netanyahu. These are serious accusations that require substantial proof, which is not provided in the text. Additionally, the description of the social media profile and its features seems plausible but is irrelevant to the validity of the accusations made against Musk. The call to block Musk on Twitter based on these claims is therefore based on unverified assertions."
https://x.com/SHUBHAM44510044/status/1822612916496994388,False,"LANGUAGE – English

TLDR - False

VERDICT – false

X - The claim that Hindenburg made $150 billion from the Indian market and was established in 2017 is false. Hindenburg is a financial research firm, not a fraud company.

SUMMARY - The claim that Hindenburg Research made $150 billion from the Indian market is unsubstantiated and highly exaggerated. Hindenburg Research is known for its investigative financial research, particularly into potential corporate malfeasance, and is not a ""fraud company"" as claimed. The assertion that it was established in 2017 is also incorrect; Hindenburg Research was founded earlier. The advice that concerns should be communicated directly to SEBI, rather than causing fear among investors, aligns with standard ethical practices in financial reporting and analysis, but the other claims in the text are misleading and factually incorrect.",fce6c035-0852-4fc4-b45b-eda774201ffe,False,"The claim that Hindenburg Research made $150 billion from the Indian market is unsubstantiated and highly exaggerated. Hindenburg Research is known for its investigative financial research, particularly into potential corporate malfeasance, and is not a ""fraud company"" as claimed. The assertion that it was established in 2017 is also incorrect; Hindenburg Research was founded earlier. The advice that concerns should be communicated directly to SEBI, rather than causing fear among investors, aligns with standard ethical practices in financial reporting and analysis, but the other claims in the text are misleading and factually incorrect."
https://x.com/crisvsanchezv/status/1822612878844719596,False,"LANGUAGE – Spanish

TLDR - Es falso.

VERDICT – false

X - La afirmación de que la joven fotógrafa ha perdido un ojo es falsa. No hay evidencia que respalde esta afirmación.

SUMMARY - La consulta sugiere verificar si es cierto que una joven fotógrafa ha perdido un ojo, insinuando que podría ser un hecho falso. Tras revisar información disponible y fuentes confiables, no se encontró evidencia alguna que respalde la afirmación de que la fotógrafa mencionada haya perdido un ojo. Por lo tanto, se concluye que la afirmación es falsa.",afc0aa07-64e3-4d15-b22d-0e6967fe6429,Es falso.,"La consulta sugiere verificar si es cierto que una joven fotógrafa ha perdido un ojo, insinuando que podría ser un hecho falso. Tras revisar información disponible y fuentes confiables, no se encontró evidencia alguna que respalde la afirmación de que la fotógrafa mencionada haya perdido un ojo. Por lo tanto, se concluye que la afirmación es falsa."
https://x.com/GKCLEVTTDEPP_/status/1822612689140564175,False,"LANGUAGE – French

TLDR - False

VERDICT – false

X - L'image décrit une opération militaire spécifique, non un bombardement d'école par Israël. Les affirmations de génocide et de responsabilité sont exagérées et non corroborées.

SUMMARY - L'image décrite semble être un rapport sur une opération militaire ciblant des individus affiliés à des groupes comme le Hamas et le Jihad Islamique, et non un bombardement d'école comme le prétend le tweet. Les allégations de génocide et la responsabilité attribuée à ceux qui ""détournent le regard"" sont des affirmations graves qui nécessitent des preuves substantielles pour être validées. Le tweet semble mélanger des informations pour véhiculer un message politique spécifique, ce qui peut induire en erreur sans contexte ou preuves supplémentaires.",a8487d1b-b322-4c02-b022-ee800a53f108,False,"L'image décrite semble être un rapport sur une opération militaire ciblant des individus affiliés à des groupes comme le Hamas et le Jihad Islamique, et non un bombardement d'école comme le prétend le tweet. Les allégations de génocide et la responsabilité attribuée à ceux qui ""détournent le regard"" sont des affirmations graves qui nécessitent des preuves substantielles pour être validées. Le tweet semble mélanger des informations pour véhiculer un message politique spécifique, ce qui peut induire en erreur sans contexte ou preuves supplémentaires."
https://x.com/mlboyce_realtor/status/1822617328472756593,True,"LANGUAGE – English

TLDR - True

VERDICT – true

X - General advice on healthy living being manageable with easy tips is accurate. Specifics would depend on the tips provided.

SUMMARY - The claim that healthy living isn't so hard when following easy tips is generally true. Adopting straightforward, manageable lifestyle changes can significantly contribute to overall health and wellness. However, the effectiveness and ease of implementing these tips can vary based on individual circumstances, including health status, environment, and personal preferences. The statement is broad and positive, aligning well with common health advice.",a315e730-8803-4047-9ef5-66fa02036226,True,"The claim that healthy living isn't so hard when following easy tips is generally true. Adopting straightforward, manageable lifestyle changes can significantly contribute to overall health and wellness. However, the effectiveness and ease of implementing these tips can vary based on individual circumstances, including health status, environment, and personal preferences. The statement is broad and positive, aligning well with common health advice."
https://x.com/JeChandani478/status/1822615941277991059,True,"LANGUAGE – English

TLDR - True

VERDICT – true

X - The infographic's sun protection tips are accurate and align with dermatological advice: use sunscreen, seek shade, stay hydrated, reapply sunscreen, wear protective clothing, and avoid peak sun hours.

SUMMARY - The infographic titled ""How to protect your skin from the sun"" provides several sun protection tips that are widely recommended by dermatologists and health organizations. The advice to use sunscreen daily, stay in the shade, drink more water, reapply sunscreen every 2 hours, wear a hat, sunglasses, and long-sleeved clothing, and avoid the sun during peak hours (10AM to 4PM) are all established methods to minimize harmful exposure to UV rays. These tips are essential for reducing the risk of skin damage and skin cancer, making the information provided both accurate and valuable for promoting skin health and overall wellness.",2b30a3b2-2864-45fe-87b1-63359eb485eb,True,"The infographic titled ""How to protect your skin from the sun"" provides several sun protection tips that are widely recommended by dermatologists and health organizations. The advice to use sunscreen daily, stay in the shade, drink more water, reapply sunscreen every 2 hours, wear a hat, sunglasses, and long-sleeved clothing, and avoid the sun during peak hours (10AM to 4PM) are all established methods to minimize harmful exposure to UV rays. These tips are essential for reducing the risk of skin damage and skin cancer, making the information provided both accurate and valuable for promoting skin health and overall wellness."
https://x.com/NutritionistKD/status/1822608263357358263,Other,"LANGUAGE – English

TLDR - Mostly true, but some claims require more context.

VERDICT – other

X - Claims about poor gut health symptoms are generally supported, but the effectiveness of probiotics and other methods varies individually. #GutHealth #Nutrition

SUMMARY - The text lists common symptoms associated with poor gut health, such as fatigue, skin conditions, upset stomach, and weight changes, which align with established medical knowledge. However, the effectiveness of probiotics, fermented foods, hydration, and stress management in supporting gut health, while beneficial, can vary widely among individuals. These strategies are generally recommended for maintaining gut health, but their specific impact can differ based on individual health conditions and lifestyles. Therefore, while the advice is sound, its effectiveness is not universally guaranteed for every individual.",4013357d-08fa-452d-995e-caafa4300ada,"Mostly true, but some claims require more context.","The text lists common symptoms associated with poor gut health, such as fatigue, skin conditions, upset stomach, and weight changes, which align with established medical knowledge. However, the effectiveness of probiotics, fermented foods, hydration, and stress management in supporting gut health, while beneficial, can vary widely among individuals. These strategies are generally recommended for maintaining gut health, but their specific impact can differ based on individual health conditions and lifestyles. Therefore, while the advice is sound, its effectiveness is not universally guaranteed for every individual."
https://x.com/DynamikoFoodIng/status/1822603901713137952,False,"LANGUAGE – English

TLDR - False

VERDICT – false

X - The text inaccurately presents water as a sugar alternative. Water is not a sweetener and does not substitute sugar in taste or function.

SUMMARY - The text describes various sugar and sugar alternatives, including a ""small bowl of water,"" which it inaccurately categorizes as a sugar alternative. Water does not possess sweetening properties and cannot replace sugar in recipes or food products in terms of sweetness. This misrepresentation could lead to confusion about the properties and uses of water compared to actual sweeteners like honey or brown sugar. The rest of the items listed (brown sugar, honey, white granulated sugar, sugar cubes, and powdered brown sugar) are correctly identified in their respective categories.",df03c042-5ede-4e85-b36b-5bbd8f869f73,False,"The text describes various sugar and sugar alternatives, including a ""small bowl of water,"" which it inaccurately categorizes as a sugar alternative. Water does not possess sweetening properties and cannot replace sugar in recipes or food products in terms of sweetness. This misrepresentation could lead to confusion about the properties and uses of water compared to actual sweeteners like honey or brown sugar. The rest of the items listed (brown sugar, honey, white granulated sugar, sugar cubes, and powdered brown sugar) are correctly identified in their respective categories."
https://x.com/Tigervitality1/status/1822597261022671245,Other,"LANGUAGE – English

TLDR - Partially true, but some claims are exaggerated.

VERDICT – other

X - Lemon water may improve hydration, digestion & skin health, but claims of detoxifying the body & boosting metabolism are not well-supported by evidence.

SUMMARY - Drinking lemon water has several potential health benefits, including promoting hydration, providing vitamin C, and possibly supporting skin health and digestion. However, the claims that it significantly boosts metabolism and detoxifies the body lack robust scientific support. While it can be a healthy addition to one's diet, expecting it to transform health dramatically within two weeks is an overstatement. It's important for individuals to have realistic expectations and understand that benefits can vary.",80d9f75e-befa-49d1-b609-5b3a2796ba1a,"Partially true, but some claims are exaggerated.","Drinking lemon water has several potential health benefits, including promoting hydration, providing vitamin C, and possibly supporting skin health and digestion. However, the claims that it significantly boosts metabolism and detoxifies the body lack robust scientific support. While it can be a healthy addition to one's diet, expecting it to transform health dramatically within two weeks is an overstatement. It's important for individuals to have realistic expectations and understand that benefits can vary."
https://x.com/adetunjidamm2/status/1822596176132067617,True,"LANGUAGE – English

TLDR - True

VERDICT – true

X - The description of the book ""15-Minute Fitness Revolution"" by Adetunji Damilola matches typical fitness book presentations. It emphasizes quick workouts for busy professionals.

SUMMARY - The text describes a book titled ""15-Minute Fitness Revolution: Quick Workouts for Ambitious Professionals"" by Adetunji Damilola, focusing on short, efficient workouts suitable for professionals with limited time. The cover illustration and color scheme of red and black are designed to convey energy and urgency, which is consistent with the book's theme of quick fitness routines. The setting of the book next to a laptop and smartphone further emphasizes its target audience of busy professionals. The description is plausible and aligns with common marketing practices for fitness books aimed at this demographic.",8b35ce3d-4757-4463-b1db-b39672e54f73,True,"The text describes a book titled ""15-Minute Fitness Revolution: Quick Workouts for Ambitious Professionals"" by Adetunji Damilola, focusing on short, efficient workouts suitable for professionals with limited time. The cover illustration and color scheme of red and black are designed to convey energy and urgency, which is consistent with the book's theme of quick fitness routines. The setting of the book next to a laptop and smartphone further emphasizes its target audience of busy professionals. The description is plausible and aligns with common marketing practices for fitness books aimed at this demographic."
https://x.com/TheHLOrg/status/1822561563120669032,Other,"LANGUAGE – English

TLDR - Mostly true, but the effectiveness of breast self-exams is debated.

VERDICT – other

X - The claim that 40% of women detect breast cancer through self-exams is debated. Regular self-exams are less emphasized now, with mixed views on their effectiveness.

SUMMARY - The information in the text about breast self-examination promoting early detection of breast cancer aligns with common health advice. However, the claim that ""40% of women with breast cancer detect their own lumps"" is somewhat contested. Recent guidelines and studies suggest that while self-exams can help women become familiar with their breasts, they should not replace regular screenings like mammograms. The effectiveness and recommendation of breast self-exams have been debated among health organizations, with some downplaying their importance due to a lack of evidence that they significantly reduce breast cancer mortality. The advice on timing (2 to 3 days after your period) is accurate for those who menstruate, as it can help reduce discomfort due to hormonal changes.",c62147da-2541-4b42-9f53-c681baf5a0c2,"Mostly true, but the effectiveness of breast self-exams is debated.","The information in the text about breast self-examination promoting early detection of breast cancer aligns with common health advice. However, the claim that ""40% of women with breast cancer detect their own lumps"" is somewhat contested. Recent guidelines and studies suggest that while self-exams can help women become familiar with their breasts, they should not replace regular screenings like mammograms. The effectiveness and recommendation of breast self-exams have been debated among health organizations, with some downplaying their importance due to a lack of evidence that they significantly reduce breast cancer mortality. The advice on timing (2 to 3 days after your period) is accurate for those who menstruate, as it can help reduce discomfort due to hormonal changes."
https://x.com/INDIAN_SUHEL25/status/1822543381102252403,True,"LANGUAGE – English

TLDR - True

VERDICT – true

X - Harvard indeed promotes rules for healthy living, as evidenced by multiple sources including their own publications and studies.

SUMMARY - The claim that Harvard has established rules for healthy living is accurate. Harvard University, through its medical and public health schools, frequently publishes guidelines and studies that outline various practices for maintaining a healthy lifestyle. These guidelines are often summarized into actionable rules or steps that the public can follow, which are accessible through their official publications and endorsed websites.",77b2cf81-9254-4f79-8d67-7ab91dd90b4d,True,"The claim that Harvard has established rules for healthy living is accurate. Harvard University, through its medical and public health schools, frequently publishes guidelines and studies that outline various practices for maintaining a healthy lifestyle. These guidelines are often summarized into actionable rules or steps that the public can follow, which are accessible through their official publications and endorsed websites."
https://x.com/Jillritchiereal/status/1822529461700473103,True,"LANGUAGE – English

TLDR - True

VERDICT – true

X - Controlling LDL cholesterol is a well-established method to reduce heart attack risk. #HeartHealth #CholesterolManagement

SUMMARY - The claim that controlling LDL cholesterol levels can reduce the risk of heart attacks is accurate. LDL cholesterol, often referred to as ""bad"" cholesterol, contributes to the buildup of plaque in arteries, which can lead to heart disease and increase the risk of a heart attack. Numerous health organizations and medical studies support the idea that managing LDL cholesterol levels through diet, exercise, and medication when necessary is crucial for cardiovascular health and can significantly decrease the risk of heart disease.",35edf621-e11b-4062-ab1e-1a5b836585d7,True,"The claim that controlling LDL cholesterol levels can reduce the risk of heart attacks is accurate. LDL cholesterol, often referred to as ""bad"" cholesterol, contributes to the buildup of plaque in arteries, which can lead to heart disease and increase the risk of a heart attack. Numerous health organizations and medical studies support the idea that managing LDL cholesterol levels through diet, exercise, and medication when necessary is crucial for cardiovascular health and can significantly decrease the risk of heart disease."
https://x.com/IlkhaAgency/status/1822621974981497294,False,"LANGUAGE – English

TLDR - False

VERDICT – false

X - The description of the photograph does not provide verifiable information about Gaza casualties or Israeli actions. It's a general scene description, not a factual claim about specific events.

SUMMARY - The text provided is a description of a photograph and does not contain factual data or statistics that can be verified against established knowledge regarding Gaza casualties or an Israeli onslaught. The claim about ""24% of Gaza casualties are youth"" and the hashtag ""#GazaGenocide"" are serious and require specific, verifiable data to support them. The description of the image itself does not substantiate these claims, nor does it provide evidence of the ongoing nature of any conflict. Therefore, the claim made in the tweet cannot be verified based on the description of the photograph alone and is considered false without additional context or evidence.",5441ee14-aacc-457b-9059-9e0c17bb057f,False,"The text provided is a description of a photograph and does not contain factual data or statistics that can be verified against established knowledge regarding Gaza casualties or an Israeli onslaught. The claim about ""24% of Gaza casualties are youth"" and the hashtag ""#GazaGenocide"" are serious and require specific, verifiable data to support them. The description of the image itself does not substantiate these claims, nor does it provide evidence of the ongoing nature of any conflict. Therefore, the claim made in the tweet cannot be verified based on the description of the photograph alone and is considered false without additional context or evidence."
https://x.com/SEntreprendre/status/1822621880043319635,Other,"LANGUAGE – French

TLDR - Information insuffisante pour vérifier.

VERDICT – other

X - Impossible de vérifier les 3 plus grandes banques d'Europe sans détails spécifiques ou critères de classement. Le tweet manque de contexte.

SUMMARY - Le texte fourni est trop vague pour permettre une vérification factuelle. Il mentionne simplement ""Top 3 des plus grandes banques d'Europe"" sans fournir de noms, de critères de classement (par exemple, actifs, capitalisation boursière, etc.), ou de sources spécifiques. De plus, les hashtags semblent mélanger des sujets non liés, ce qui ajoute à la confusion. Pour évaluer la véracité de cette affirmation, des informations plus détaillées seraient nécessaires.",3e746649-374e-4eb5-894c-2e433b398c51,Information insuffisante pour vérifier.,"Le texte fourni est trop vague pour permettre une vérification factuelle. Il mentionne simplement ""Top 3 des plus grandes banques d'Europe"" sans fournir de noms, de critères de classement (par exemple, actifs, capitalisation boursière, etc.), ou de sources spécifiques. De plus, les hashtags semblent mélanger des sujets non liés, ce qui ajoute à la confusion. Pour évaluer la véracité de cette affirmation, des informations plus détaillées seraient nécessaires."
https://x.com/Shammalah68/status/1822621837446000904,False,"LANGUAGE – English

TLDR - False

VERDICT – false

X - The claim that over 45,000 fatalities occurred in Gaza is false. No credible reports support such high numbers.

SUMMARY - The claim that the number of fatalities in Gaza has exceeded 45,000 is not supported by any credible sources or reports. Data from various human rights organizations and international bodies monitoring the situation in Gaza typically report much lower numbers of casualties due to conflicts or other incidents. The use of the hashtag ""#GazaGenocide"" also suggests a bias or a specific narrative that may not be supported by factual data.",c1fc951e-ca93-4ddc-9595-466983411ca6,False,"The claim that the number of fatalities in Gaza has exceeded 45,000 is not supported by any credible sources or reports. Data from various human rights organizations and international bodies monitoring the situation in Gaza typically report much lower numbers of casualties due to conflicts or other incidents. The use of the hashtag ""#GazaGenocide"" also suggests a bias or a specific narrative that may not be supported by factual data."
https://x.com/indianred504/status/1822621766021419138,Other,"LANGUAGE – English

TLDR - Partially true, but requires context.

VERDICT – other

X - CNN confirmed use of US-made GBU-39 bombs in Gaza strike. Claims about body handling and Democrats' response lack context and verification. #FactCheck

SUMMARY - The claim that CNN confirmed the use of a US-made GBU-39 small diameter bomb in an Israeli strike on a school and mosque in Gaza, resulting in significant casualties, aligns with multiple reports from credible sources. However, the additional statements regarding the handling of bodies by weight and the political commentary about the Democrats' response to the situation in Gaza are not substantiated by the provided sources. These elements require further context and verification to assess their accuracy fully. The use of emotive language and unverified details in the post suggests a blending of fact and opinion, which complicates the straightforward verification of the entire message.",dbc73281-972c-4cd7-a628-c96cca84173c,"Partially true, but requires context.","The claim that CNN confirmed the use of a US-made GBU-39 small diameter bomb in an Israeli strike on a school and mosque in Gaza, resulting in significant casualties, aligns with multiple reports from credible sources. However, the additional statements regarding the handling of bodies by weight and the political commentary about the Democrats' response to the situation in Gaza are not substantiated by the provided sources. These elements require further context and verification to assess their accuracy fully. The use of emotive language and unverified details in the post suggests a blending of fact and opinion, which complicates the straightforward verification of the entire message."
https://x.com/serbnews/status/1822626069125505439,False,"LANGUAGE – English

TLDR - False

VERDICT – false

X - The claim that Serbia's water polo team won three consecutive Olympic golds by defeating Croatia 13:11 in Paris is false. No such event has occurred.

SUMMARY - The claim that the Serbian water polo team has won three consecutive Olympic gold medals by defeating Croatia with a score of 13:11 in the final match in Paris is incorrect. As of the latest available information, the Olympic Games have not been held in Paris recently, and the described event does not match any official Olympic records. The last Olympics were held in Tokyo in 2021, and the next scheduled games in Paris are set for 2024. Therefore, the claim about the Serbian water polo team's victory in Paris is false.",13025f3a-c5f9-4844-9fb2-a943789bec8e,False,"The claim that the Serbian water polo team has won three consecutive Olympic gold medals by defeating Croatia with a score of 13:11 in the final match in Paris is incorrect. As of the latest available information, the Olympic Games have not been held in Paris recently, and the described event does not match any official Olympic records. The last Olympics were held in Tokyo in 2021, and the next scheduled games in Paris are set for 2024. Therefore, the claim about the Serbian water polo team's victory in Paris is false."
https://x.com/MichaelDriess/status/1822621356162224495,False,"LANGUAGE – English

TLDR - False

VERDICT – false

X - The claim that the man in the photo was killed by Hamas is false. No evidence supports this statement, and it appears fabricated to spread misinformation.

SUMMARY - The text accompanying the photograph claims that the man depicted was killed by Hamas and includes a plea for help against Hamas, suggesting a severe crisis. However, there is no evidence or reliable source to verify the authenticity of this claim. The use of such dramatic language and the specific narrative about Hamas could be aimed at influencing public perception or spreading misinformation. Without corroborative evidence from credible sources, this claim should be considered false.",9abe772f-44a9-47e9-b83d-bcbe80092350,False,"The text accompanying the photograph claims that the man depicted was killed by Hamas and includes a plea for help against Hamas, suggesting a severe crisis. However, there is no evidence or reliable source to verify the authenticity of this claim. The use of such dramatic language and the specific narrative about Hamas could be aimed at influencing public perception or spreading misinformation. Without corroborative evidence from credible sources, this claim should be considered false."
https://x.com/notPBD/status/1823085597856338100,False,"LANGUAGE – English

TLDR - False

VERDICT – false

X - The claims about the ""deep state"" and ""big things cooking"" are speculative and lack evidence. The image description doesn't support these assertions.

SUMMARY - The text makes several claims regarding the ""deep state,"" people waking up, and significant activities happening behind closed doors. These statements are speculative and not substantiated by any evidence presented in the text or implied by the description of the photograph. The photograph's description itself merely shows a potentially formal or patriotic event without any direct connection to the claims made. Therefore, the assertions in the text are considered false as they are not supported by factual evidence or the context of the image.",55ea3b4e-b1d8-44e7-81b7-77acf1a28186,False,"The text makes several claims regarding the ""deep state,"" people waking up, and significant activities happening behind closed doors. These statements are speculative and not substantiated by any evidence presented in the text or implied by the description of the photograph. The photograph's description itself merely shows a potentially formal or patriotic event without any direct connection to the claims made. Therefore, the assertions in the text are considered false as they are not supported by factual evidence or the context of the image."
https://x.com/liz_churchill10/status/1772337352968487309,False,"LANGUAGE – English

TLDR - False

VERDICT – false

X - The claim that Barack Obama and the Soros family are waging ""LAWFARE"" against Trump as part of the 'Deep State' is unfounded and lacks credible evidence.

SUMMARY - The claim linking Barack Obama and the Soros family to a conspiracy termed ""LAWFARE"" against former President Donald Trump, suggesting involvement in a so-called 'Deep State', is unsubstantiated. There is no credible evidence supporting this assertion, and it typically aligns with conspiracy theories rather than factual reporting. Such claims often arise in politically charged narratives without verifiable proof and are widely regarded as part of misinformation campaigns.",4be0cacb-4529-45c7-a5f4-c059bea57e07,False,"The claim linking Barack Obama and the Soros family to a conspiracy termed ""LAWFARE"" against former President Donald Trump, suggesting involvement in a so-called 'Deep State', is unsubstantiated. There is no credible evidence supporting this assertion, and it typically aligns with conspiracy theories rather than factual reporting. Such claims often arise in politically charged narratives without verifiable proof and are widely regarded as part of misinformation campaigns."
https://x.com/BhattiSaaaaab/status/1571306286821609475,False,"LANGUAGE – English

TLDR - False

VERDICT – false

X - Claims of a 209-year-old monk found in Nepal are false. No verifiable evidence supports human lifespan exceeding 122 years, the current record.

SUMMARY - The claim that a Tibetan monk has been discovered in a remote mountain cave in Nepal at the age of 209 is false. The current verified record for the oldest human is Jeanne Calment, who lived to be 122 years old. The concept of ""takatet"" meditation is not recognized in established Buddhist practices, and the term does not appear in credible sources. Additionally, the story's sensational nature and lack of verification from reliable sources further discredit the claim.",9ae14d22-b7c3-443c-8999-87f372edffcc,False,"The claim that a Tibetan monk has been discovered in a remote mountain cave in Nepal at the age of 209 is false. The current verified record for the oldest human is Jeanne Calment, who lived to be 122 years old. The concept of ""takatet"" meditation is not recognized in established Buddhist practices, and the term does not appear in credible sources. Additionally, the story's sensational nature and lack of verification from reliable sources further discredit the claim."
https://x.com/ReshetBet/status/1823003248564801718,True,"LANGUAGE – Hebrew

TLDR - נכון

VERDICT – true

X - דניאלה וייס אכן דיברה על חיפוש דרכים ליישב את עזה ביהודים במהלך אירוע לקריאת מגילת איכה.

SUMMARY - הטענה שדניאלה וייס, יו""ר תנועת נחלה, דיברה על חיפוש דרכים ליישב את עזה ביהודים במהלך אירוע לקריאת מגילת איכה מול גבול הרצועה נכונה. היא אכן נאמה זאת וזה מתועד במקורות חיצוניים. הטענה גם מתייחסת ליום הגירוש מחבל עזה, אירוע שאכן התרחש לפני 19 שנה, ומתייחסת ליום זה כיום חורבן, תיאור שמשקף את תפיסת המדוברת ותנועתה.",d9b9baea-7eea-44a3-b9d2-3feb5846f4e9,נכון,"הטענה שדניאלה וייס, יו""ר תנועת נחלה, דיברה על חיפוש דרכים ליישב את עזה ביהודים במהלך אירוע לקריאת מגילת איכה מול גבול הרצועה נכונה. היא אכן נאמה זאת וזה מתועד במקורות חיצוניים. הטענה גם מתייחסת ליום הגירוש מחבל עזה, אירוע שאכן התרחש לפני 19 שנה, ומתייחסת ליום זה כיום חורבן, תיאור שמשקף את תפיסת המדוברת ותנועתה."
https://x.com/FitFounder/status/1800481006329196931,False,"LANGUAGE – English

TLDR - False

VERDICT – false

X - Good mental health isn't solely dependent on physical health. Many factors, including genetics and environment, play roles.

SUMMARY - The claim that it is almost impossible to have good mental health without good physical health is overly simplistic and false. Mental health is influenced by a complex interplay of factors including genetics, environment, social connections, and psychological resilience, not just physical health. While physical health can impact mental well-being, individuals can still experience good mental health despite physical health challenges. Conversely, one can have excellent physical health but poor mental health.",d806689d-f35b-4ca7-89dc-426c7fd30576,False,"The claim that it is almost impossible to have good mental health without good physical health is overly simplistic and false. Mental health is influenced by a complex interplay of factors including genetics, environment, social connections, and psychological resilience, not just physical health. While physical health can impact mental well-being, individuals can still experience good mental health despite physical health challenges. Conversely, one can have excellent physical health but poor mental health."
https://x.com/amerix/status/1823247207039914081,True,"LANGUAGE – English

TLDR - True

VERDICT – true

X - The blueprint for a healthy life including sun, sleep, salt, exercise, walking, water, and fasting aligns with well-known health guidelines. #Health #Lifestyle

SUMMARY - The provided blueprint for a healthy life is generally accurate and aligns with established health guidelines. Exposure to sunlight can provide essential vitamin D, adequate sleep is crucial for overall health, moderate salt intake is necessary for bodily functions, regular exercise and walking contribute to physical fitness, and hydration is vital. Fasting has also been recognized for its potential health benefits. Thus, the advice given in the text is consistent with what is known about maintaining a healthy lifestyle.",0a1b9239-6177-400d-bf5f-8153b77cf60d,True,"The provided blueprint for a healthy life is generally accurate and aligns with established health guidelines. Exposure to sunlight can provide essential vitamin D, adequate sleep is crucial for overall health, moderate salt intake is necessary for bodily functions, regular exercise and walking contribute to physical fitness, and hydration is vital. Fasting has also been recognized for its potential health benefits. Thus, the advice given in the text is consistent with what is known about maintaining a healthy lifestyle."
https://x.com/PeigSayers4/status/1823251853426974935,Other,"LANGUAGE – English

TLDR - Partially true and partially false.

VERDICT – other

X - The claim linking neoliberal capitalism to fascism is debated among experts. Scandinavian social democracy is praised but not perfect. The assertion that socialism always leads to communism and fascism is historically inaccurate.

SUMMARY - The claim that ""neoliberal capitalism"" has contributed to the rise of fascism, as stated by Nobel laureate Joseph Stiglitz, is a subject of ongoing debate among economists and historians. While some argue that neoliberal policies can lead to increased inequality and social unrest, which might foster extremist movements, it is not universally accepted that it directly causes fascism. The praise of Scandinavian social democracy is well-founded in terms of education and healthcare systems, but these countries also face challenges and are not without flaws. The statement that socialism always leads to communism and then to tyranny and fascism is historically inaccurate and overly simplistic, as the outcomes of socialist policies vary significantly based on numerous factors including governance, culture, and international relations.",8e02409c-53a7-4b7f-b8a2-75d8cc2be670,Partially true and partially false.,"The claim that ""neoliberal capitalism"" has contributed to the rise of fascism, as stated by Nobel laureate Joseph Stiglitz, is a subject of ongoing debate among economists and historians. While some argue that neoliberal policies can lead to increased inequality and social unrest, which might foster extremist movements, it is not universally accepted that it directly causes fascism. The praise of Scandinavian social democracy is well-founded in terms of education and healthcare systems, but these countries also face challenges and are not without flaws. The statement that socialism always leads to communism and then to tyranny and fascism is historically inaccurate and overly simplistic, as the outcomes of socialist policies vary significantly based on numerous factors including governance, culture, and international relations."
https://x.com/AJTechKnow/status/700786994167869440,Other,"LANGUAGE – English

TLDR - True, but context needed.

VERDICT – other

X - Study claims 83% PTSD symptom reduction with MDMA therapy. True, but broader context & study details are crucial for full understanding.

SUMMARY - The claim that 83% of individuals treated with MDMA-assisted therapy experienced significant reductions in PTSD symptoms aligns with findings from clinical research, such as studies conducted by MAPS (Multidisciplinary Association for Psychedelic Studies). These studies have shown promising results in the use of MDMA to treat PTSD, suggesting substantial improvements in symptoms. However, the effectiveness can vary based on specific study conditions, participant selection, and therapy protocols. Therefore, while the claim is generally supported by scientific research, understanding the full context and details of the specific study cited is crucial for a comprehensive evaluation.",6934a7fc-9608-42bc-a25f-a20c1fd33bdd,"True, but context needed.","The claim that 83% of individuals treated with MDMA-assisted therapy experienced significant reductions in PTSD symptoms aligns with findings from clinical research, such as studies conducted by MAPS (Multidisciplinary Association for Psychedelic Studies). These studies have shown promising results in the use of MDMA to treat PTSD, suggesting substantial improvements in symptoms. However, the effectiveness can vary based on specific study conditions, participant selection, and therapy protocols. Therefore, while the claim is generally supported by scientific research, understanding the full context and details of the specific study cited is crucial for a comprehensive evaluation."
https://x.com/samthielman/status/1393943858967363585,False,"LANGUAGE – English

TLDR - False

VERDICT – false

X - The claim that cats view humans as incompetent cats is a humorous interpretation, not a scientifically proven fact. Dogs do recognize differences between species.

SUMMARY - The statement that cats perceive humans as incompetent versions of themselves is more of a humorous anthropomorphism rather than a scientifically validated fact. Research in animal behavior primarily indicates that cats see humans differently than they see other cats, often treating humans as neither prey nor rivals. Dogs, on the other hand, do show clear signs of recognizing differences between humans and themselves, often through their ability to follow human cues and commands. The text's claim about cats' perceptions of humans lacks scientific backing and is more reflective of a popular myth than of established animal behavior science.",467d0aa0-48e8-4984-a116-edb3a6450c26,False,"The statement that cats perceive humans as incompetent versions of themselves is more of a humorous anthropomorphism rather than a scientifically validated fact. Research in animal behavior primarily indicates that cats see humans differently than they see other cats, often treating humans as neither prey nor rivals. Dogs, on the other hand, do show clear signs of recognizing differences between humans and themselves, often through their ability to follow human cues and commands. The text's claim about cats' perceptions of humans lacks scientific backing and is more reflective of a popular myth than of established animal behavior science."
https://x.com/GalitDistel/status/1822954079586251018,False,"LANGUAGE – Hebrew

TLDR - False

VERDICT – false

X - הטענות נגד יאיר גולן בטקסט אינן מבוססות על מידע נכון או מוכח. הן מציגות דימוי שלילי ולא מדויק.

SUMMARY - הטענות המופיעות בטקסט כלפי יאיר גולן אינן מתיישבות עם המידע הידוע עליו. יאיר גולן הוא דמות ציבורית ופוליטית בישראל, ששימש כאלוף בצה""ל וכחבר כנסת מטעם מפלגת מרצ. הוא ידוע בעמדותיו הביקורתיות כלפי מדיניות הממשלה בנושאים שונים, אך האישומים המופיעים בטקסט, כמו רצון לפלג ולהפלות בין ישראלים, אינם מוכחים ולא מתומכים במקורות אמינים.",73800725-5ebb-4418-a7e7-6a76a09ab182,False,"הטענות המופיעות בטקסט כלפי יאיר גולן אינן מתיישבות עם המידע הידוע עליו. יאיר גולן הוא דמות ציבורית ופוליטית בישראל, ששימש כאלוף בצה""ל וכחבר כנסת מטעם מפלגת מרצ. הוא ידוע בעמדותיו הביקורתיות כלפי מדיניות הממשלה בנושאים שונים, אך האישומים המופיעים בטקסט, כמו רצון לפלג ולהפלות בין ישראלים, אינם מוכחים ולא מתומכים במקורות אמינים."
